Abbott, Belle K. (Belle Kendrick)|NULL
Abbott, Edwin Abbott|1838
Abbott, Eleanor Hallowell|1872
Abbott, Jacob|1803
Abbott, Jane|1881
Abbott, John S. C. (John Stevens Cabot)|1805
Abbott, L. A.|1813
Abbott, Lemuel Abijah|1842
Abbott, Lyman|1835
Abbott, Wilbur Cortez|1869
Abelard, Peter|1079
Abernathy, Robert|1924
Abney, William de Wiveleslie, Sir|1843
About, Edmond|1828
Accum, Friedrich Christian|1769
Ackland, T. S. (Thomas Suter)|1817
Acland, Charles|NULL
Adams, Brooks|1848
Adams, Edward|1877
Adams, F. Colburn (Francis Colburn)|NULL
Adams, H. A., Mrs.|NULL
Adams, H. G. (Henry Gardiner)|1811
Adams, Henry|1838
Adams, John G. (John Greenleaf)|1810
Adams, John S. (John Stowell)|NULL
Adams, John|1859
Adams, Katharine|NULL
Adams, Morley|NULL
Adams, Samuel Hopkins|1871
Adams, W. H. Davenport (William Henry Davenport)|1828
Adams, William Alexander|NULL
Adams, William Davenport|1851
Adcock, Arthur St. John|1864
Adcock, K. J.|NULL
Adderup, Andrew|NULL
Addison, C. G. (Charles Greenstreet)|NULL
Addison, Joseph|1672
Aduarte, Diego|1569
Ahlborn, Richard E.|1933
Aikman, William|1824
Aimard, Gustave|1818
Ainsworth, William Harrison|1805
Aladel, Jean Marie|NULL
Albertson, Ralph|1866
Alcock, Deborah|1835
Alcott, Amos Bronson|1799
Alcott, Louisa May|1832
Alden, John B. (John Berry)|1847
Alderman, L. R. (Lewis Raymond)|1872
Aldridge, Janet|NULL
Alexander, Francesca|1837
Alexander, James W. (James Waddel)|1839
Alexander, Mrs.|1825
Alexander, William S.|1858
Alexander, William|1824
Alfriend, Frank H. (Frank Heath)|1841
Alger, Horatio, Jr.|1832
Ali, Mohammed|NULL
Allan, G. A. T. (George A. T.)|NULL
Allen, E. P. S.|1885
Allen, Edith|1880
Allen, Ethan|1738
Allen, George Hoyt|1857
Allen, Gladys|NULL
Allen, Grant|1848
Allen, James Lane|1849
Allen, James|1864
Allen, Jay Winthrop|NULL
Allen, Quincy|NULL
Allen, Stanton P.|1849
Allen, Willis Boyd|1855
Allingham, William|1824
Allnutt, Sidney|NULL
Altsheler, Joseph A. (Joseph Alexander)|1862
American Railway Association|NULL
American School of Correspondence|NULL
American Society of Civil Engineers|NULL
American Sunday-School Union|NULL
Ames, Azel|1845
Amundsen, Roald|1872
Andersen, H. C. (Hans Christian)|1805
Anderson, Ada Woodruff|1860
Anderson, Andrew A.|NULL
Anderson, David Allen|NULL
Anderson, Edward L. (Edward Lowell)|1842
Anderson, Ellen L.|NULL
Anderson, Isabel|1876
Anderson, Karen|1932
Anderson, Poul|1926
Anderson, Sherwood|1876
Anderson, William|NULL
Andrews, C. C. (Christopher Columbus)|1829
Andrews, Lincoln C. (Lincoln Clarke)|1867
Andrews, Matthew Page|1879
Andrews, Silas M. (Silas Milton)|1805
Andrews, William|1848
Andreyev, Leonid|1871
Angell, Norman|1874
Annet, Peter|1693
Anonymous|NULL
Anson, George Anson, Baron|1697
Anstey, F.|1856
Anti-slavery Convention of American Women|NULL
Antin, Mary|1881
Appleton, Victor|NULL
Applin, Arthur|1873
Arber, Agnes Robertson|1879
Archer, Effie Archer|NULL
Arlen, Michael|1895
Arlidge, J. T. (John Thomas)|1822
Armistead, Wilson|NULL
Armitage, Ella S.|NULL
Armitage, Robert B.|NULL
Armitt, Mary L.|NULL
Arnold, Augusta Foote|1844
Arnold, Hugh|NULL
Arnold, Matthew|1822
Arnott, Samuel|1852
Arthington, Maria|NULL
Arthur, James|1842
Arthur, T. S. (Timothy Shay)|1809
Arundel, Louis|NULL
Arundell of Wardour, John Francis Arundell, Baron|1831
Ashby-Sterry, J. (Joseph)|NULL
Ashdown, Charles Henry|NULL
Ashe, Waller|NULL
Ashton, John|1834
Aston, W. G. (William George)|1841
Atherton, Gertrude Franklin Horn|1857
Atherton, William|NULL
Atkinson, Henry|NULL
Atkinson, William Walker|1862
Atwater, John Birdseye|1855
Aubrey, Frank|1847
Aubrey, John|1626
Auchincloss, W. S. (William Stuart)|1842
Audubon, John James|1785
Augustine, Saint, Bishop of Hippo|354
Austen, Jane|1775
Austin, Cyril F.|NULL
Austin, Jane G. (Jane Goodwin)|1831
Austin, Mary Hunter|1868
Austin, William E.|NULL
Austrian, Delia|NULL
Avary, Myrta Lockett|1857
Ayres, Ruby M. (Ruby Mildred)|1883
Aytoun, William Edmondstoune|1813
Babcock, Kendric Charles|1864
Babson, Roger Ward|1875
Babur, Emperor of Hindustan|1483
Bacheller, Irving|1859
Bacon, Francis|1561
Bacon, Josephine Daskam|1876
Baden-Powell of Gilwell, Robert Stephenson Smyth Baden-Powell, Baron|1857
Bagehot, Walter|1826
Bagot, Richard|1860
Bagwell, Richard|1840
Bailey, Arthur Scott|1877
Bailey, Bernadine|1901
Bailey, Carolyn Sherwin|1875
Bailey, L. H. (Liberty Hyde)|1858
Bailhache, Clement|NULL
Baillie, Frederick David|NULL
Baillie, Marianne|NULL
Baily, H. Lavinia, (Hannah Lavinia)|1837
Baines, Thomas|1820
Baker, B. Granville (Bernard Granville)|1870
Baker, Elizabeth|1876
Baker, Emilie K. (Emilie Kip)|NULL
Baker, George M. (George Melville)|1832
Baker, Ray Stannard|1870
Baker, Rollin H. (Rollin Harold)|1916
Baker, Willard F.|NULL
Bakewell, Frederick C. (Frederick Collier)|1800
Baldry, A. L. (Alfred Lys)|1858
Baldwin, James|1841
Balfour, Francis M. (Francis Maitland)|1851
Ball, C. J. (Charles James)|NULL
Ball, Charles|NULL
Ballard, Edward|1804
Ballou, Maturin Murray|1820
Balzac, Honoré de|1799
Bancroft, Edith|NULL
Bancroft, Hubert Howe|1832
Bandelier, Adolph Francis Alphonse|1840
Bangs, John Kendrick|1862
Banks, Louis Albert|1855
Bannerman, Helen|1862
Barber, James, active 1837-1839|NULL
Barbour, John|NULL
Barbour, Ralph Henry|1870
Barbusse, Henri|1873
Barbé, Louis A.|1845
Barclay, Florence L. (Florence Louisa)|1862
Barcynska, Countess (Hélène)|1894
Baring, Maurice|1874
Baring-Gould, S. (Sabine)|1834
Barker, Lady (Mary Anne)|1831
Barkley, Henry C.|NULL
Barlow, A. R. (Albert Rowe)|NULL
Barnes, Frank|NULL
Barnes, Will C. (Will Croft)|1858
Barnes-Grundy, Mabel|NULL
Barnett, C. Z. (Charles Zachary)|1812
Barnitz, David Park|1878
Barnum, P. T. (Phineas Taylor)|1810
Baron, Monsieur (Michel)|1653
Barr, John|1887
Barr, Robert|1850
Barrett, Eaton Stannard|1786
Barrett, S. A. (Samuel Alfred)|1879
Barrie, J. M. (James Matthew)|1860
Barron, Edward|1874
Bartholomew, J. G. (John George)|1860
Bartimeus|1886
Bartlett, Alden Eugene|1873
Bartlett, Paul Alexander|1909
Bartlett, Steven J.|1945
Barton, Frank Townend|NULL
Barton, George A. (George Aaron)|1859
Barton, Roy Franklin|1883
Baskerville, Beatrice C.|NULL
Bassett, Sara Ware|1872
Bastiat, Frédéric|1801
Bastin, S. Leonard|NULL
Bateman, Jas. (James)|1811
Bates, Arlo|1850
Bates, Gordon|NULL
Bates, Katharine Lee|1859
Bateson, William|1861
Battell, Andrew|NULL
Baudesson, Henry|NULL
Baudissin, Wolf Ernst Hugo Emil, Graf von|1867
Baughan, Rosa|NULL
Baum, L. Frank (Lyman Frank)|1856
Baumhoff, Martin A.|NULL
Bax, Clifford|1886
Baxter, Beverley|1891
Baxter, Leon H.|NULL
Baxter, Richard|1615
Bayles, W. Harrison (William Harrison)|1841
Bayley, Harold|NULL
Bayne, Samuel G. (Samuel Gamble)|1844
Bazancourt, César Lecat, baron de|1810
Bāṇa‏|NULL
Beach, Belle|NULL
Beach, Edward L. (Edward Latimer)|1867
Beach, Rex|1877
Beale, Charles Willing|1845
Beals, Christine|NULL
Beard, Adelia B. (Adelia Belle)|1857
Beard, Daniel Carter|1850
Beard, Lina|1857
Beard, Sidney Hartnoll|1862
Beasley, T. D. (Thomas Dykes)|NULL
Beatson, A. M.|NULL
Beattie, James|1735
Beaume, Georges|1861
Beaumont, Francis|1584
Beaverbrook, Max Aitken, Baron|1879
Bechstein, Johann Matthäus|1757
Bechtel, John Hendricks|1841
Becke, Louis|1855
Beddard, Frank E. (Frank Evers)|1858
Bede, Cuthbert|1827
Beedham, R. J.|NULL
Beeman, Herbert|NULL
Beer, Margrieta|NULL
Beerbohm, Julius|1854
Behn, Aphra|1640
Belcher, Joseph|1794
Bell, F. McKelvey (Frederick McKelvey)|1878
Bell, Lilian|1867
Bellamy, Thomas, of Guernsey|NULL
Bellett, J. G. (John Gifford)|1795
Bellew, Frank|1828
Belloc, Hilaire|1870
Beneden, P. J. van (Pierre Joseph)|1809
Benjamin, S. G. W. (Samuel Greene Wheeler)|1837
Bennet, Robert Ames|1870
Bennett, Arnold|1867
Bennett, Henry Holcomb|1863
Bennett, Hugh Garner|NULL
Bennett, R. A. R. (Reginald Arthur Renaud)|1866
Bennett, Rolf|NULL
Bennett, W. H. (William Henry)|1855
Benson, Arthur Christopher|1862
Benson, E. F. (Edward Frederic)|1867
Benson, James W., active 1857-1887|NULL
Benson, Stella|1892
Bensusan, S. L. (Samuel Levy)|1872
Bent, Arthur Cleveland|1866
Bentham, Jeremy|1748
Benton, Caroline French|NULL
Benton, Rita|1881
Benton, Thomas Hart|1782
Bercovici, Konrad|1882
Berdoe, Edward|1836
Bergengren, Ralph|1871
Bergson, Henri|1859
Berkeley, George|1685
Bernard, W. D.‏ (William Dallas)‏|NULL
Bernhard, Duke of Saxe-Weimar-Eisenach|1792
Berry, Flora E.|NULL
Berry, James|1852
Berthold, Victor Maximilian|1856
Besant, Annie|1847
Besant, Walter|1836
Bethune, John Elliot Drinkwater|1801
Beveridge, Albert J. (Albert Jeremiah)|1862
Bewsher, F. W. (Frederick William)|NULL
Bidwell, Shelford|1848
Bierce, Ambrose|1842
Bierman, Agnes|1916
Bigelow, John|1817
Bilguer, Johann Ulrich|1720
Billings, Josh|1818
Bindloss, Harold|1866
Binns, Charles Fergus|1857
Bird, H. E. (Henry Edward)|1830
Bird, Isabella L. (Isabella Lucy)|1831
Bird, Robert Montgomery|1806
Birge, Julius Charles|1839
Birmingham, George A.|1865
Bishop, Giles|NULL
Bisiker, W. (William)|NULL
Bisland, Elizabeth|1861
Black, William|1841
Blackburn, Henry|1830
Blackie & Son|NULL
Blackmore, R. D. (Richard Doddridge)|1825
Blackwood, Algernon|1869
Blades, William|1824
Blaikie, William Garden|1820
Blake, Henry Arthur, Sir|1840
Blake, J. P. (John Percy)|NULL
Blake, M. M. (Matilda Maria)|NULL
Blake, William|1757
Blanchard, Amy Ella|1856
Bland, John Salkeld|NULL
Bland, Salem Goldworth|1859
Blank, Clair|NULL
Blatchford, Robert|1851
Blavatsky, H. P. (Helena Petrovna)|1831
Bliss, Sands, & Foster|NULL
Blunt, Wilfrid Scawen|1840
Blyth, Alexander Wynter|1844
Boas, Franz|1858
Boerker, Richard H. D. (Richard Hans Douai)|1887
Bogue, Benjamin Nathaniel|NULL
Boisgelin de Kerdu, Pierre Marie Louis de|1758
Bok, Edward William|1863
Boldrewood, Rolf|1826
Bolwell, F. A.|NULL
Bond, A. Russell (Alexander Russell)|1876
Bond, Francis|1850
Bonker, Frances|1872
Bonner, Hypatia Bradlaugh|1858
Bonney, T. G. (Thomas George)|1833
Boone, Cheshire Lowton|1875
Booth, Edward Charles|NULL
Booth, Maud Ballington|1865
Booth, William|1829
Boothby, Guy|1867
Boreham, Frank|1871
Borrow, George|1803
Boschère, Jean de|1878
Bose, Jagadis Chandra|1858
Boston Philatelic Society|NULL
Bott, Alan|1893
Bottome, Phyllis|1884
Bottrell, William|1816
Bouchot, Henri|1849
Boucicault, Dion|1820
Boulenger, George Albert|1858
Bourgelat, Claude|1712
Bowen, Benjamin Franklin|NULL
Bowen, Clarence Winthrop|1852
Bowen, Marjorie|1888
Bowen, Robert Sidney|1900
Bower, John Graham|1886
Bowes, Joseph|NULL
Bowman, Anne, active 19th century|NULL
Bowman, Florence L.|1880
Bowring, John|1792
Boyd, James Oscar|1874
Boyd, James P. (James Penny)|1836
Boyer, Charles S. (Charles Sumner)|1856
Boylan, Thomas|NULL
Boyles, Virgil D. (Virgil Dillin)|1872
Boynton, Percy Holmes|1875
Brabourne, Edward Hugessen Knatchbull-Hugessen, Baron|1829
Bradbury, Ray|1920
Braddon, M. E. (Mary Elizabeth)|1835
Braden, James A. (James Andrew)|1872
Bradley, A. G. (Arthur Granville)|1850
Bradley, Glenn D. (Glenn Danford)|1884
Bradley, Milton|1836
Brady, Cyrus Townsend|1861
Brady, Robert|1820
Bragdon, Dudley A.|1856
Brainerd, Eleanor Hoyt|1868
Bramble, Charles A.|NULL
Brame, Charlotte M.|1836
Bramston, James|1693
Brandeis, Madeline|1897
Breckinridge, Sophonisba Preston|1866
Brentwood, Evelyn|NULL
Brereton, F. S. (Frederick Sadleir)|1872
Brereton, William H.|NULL
Brewer, Ebenezer Cobham|1810
Brewer, George|1766
Brewer, Luther Albertus|1858
Brewster, Benjamin|1907
Bridges, Thomas, active 1759-1775|NULL
Brieux, Eugène|1858
Bright, Charles, Sir|1863
Brill, Ethel C. (Ethel Claire)|1877
Brinton, Sybil G.|NULL
Brissenden, Paul F. (Paul Frederick)|1885
British Museum (Natural History). Department of Mineralogy|1854
Britton, Sumner Charles|1902
Brodhead, J. Napier (Jane Napier)|NULL
Bromet, William|1783
Brooke, Henry Francis|1836
Brooke, Rupert|1887
Brooks, A. M. (Abbie M.)|NULL
Brooks, Eva Cannon|NULL
Brooks, Sarah Warner|1822
Brooks, Stratton D. (Stratton Duluth)|1869
Brooks, Van Wyck|1886
Broster, D. K. (Dorothy Kathleen)|1877
Brough, Robert B. (Robert Barnabas)|1828
Brougham, John|1810
Broughton, Rhoda|1840
Brown, Abbie Farwell|1871
Brown, Arthur Whitten, Sir|1886
Brown, Edwin A.|1857
Brown, J. Irwin (John Irwin)|NULL
Brown, John|1810
Brown, Katharine Holland|NULL
Brown, Margaret|NULL
Brown, Rebecca Warren|NULL
Brown, Thomas|1778
Brown, W. L.|NULL
Browne, Edith A.|1874
Browne, Robert T.|NULL
Browning, Robert|1812
Brownlie, John|1857
Broxap, Ernest|NULL
Bruce, Edwin M.|1866
Bruce, H. Addington (Henry Addington)|1874
Bruce, J. Mitchell (John Mitchell)|1846
Bruce, Mary Grant|1878
Brunel, Isambard|1837
Brunner, Josef|NULL
Brunton, Mary|1778
Bryan, William Jennings|1860
Bryant, Sara Cone|1873
Bryce, Charles, Mrs.|NULL
Bryce, George|1844
Bryce, James Bryce, Viscount|1838
Bryden, H. A. (Henry Anderson)|1854
Buc'hoz, Pierre-Joseph|1731
Buchan, John|1875
Buchanan, Robert Williams|1841
Buchholtz, Johannes|1882
Bucke, Charles|1781
Buckle, Henry Thomas|1821
Buckley, E. F. (Elsie Finnimore)|1882
Buckstone, John Baldwin|1802
Budrys, Algis|1931
Buel, James W. (James William)|1849
Buffon, Georges Louis Leclerc, comte de|1707
Buick, Thomas Lindsay|1866
Buist, Robert|1805
Bulfinch, Thomas|1796
Bullinger, E. W. (Ethelbert William)|1837
Bunin, Ivan Alekseevich|1870
Burch, Frederick S.|NULL
Burdett, Charles|1815
Burdick, Arthur J. (Arthur Jerome)|1858
Burgess, Fred. W. (Frederick William)|1855
Burgess, Gelett|1866
Burgess, Thornton W. (Thornton Waldo)|1874
Burgoyne, Arthur Gordon|NULL
Burn, Robert|1829
Burnes, James|1801
Burnett, Frances Hodgson|1849
Burney, Fanny|1752
Burnham, Geo. P. (George Pickering)|1814
Burroughs, John|1837
Burrows, C. W.|NULL
Burton, Annie Cooper|NULL
Burton, Frederick R. (Frederick Russell)|1861
Burton, John Hill|1809
Burton, Richard Francis, Sir|1821
Burwell, Letitia M.|NULL
Bury, J. B. (John Bagnell)|1861
Bush, Bertha Evangeline|1866
Busk, Rachel Harriette|1831
Butler, Elizabeth (Elizabeth Southerden Thompson)|1846
Butler, Ellis Parker|1869
Butler, Robert|1784
Butler, Samuel|1612
Butler, William Francis, Sir|1838
Butt, W.|1822
Byers, S. H. M. (Samuel Hawkins Marshall)|1838
Byrn, Edward W. (Edward Wright)|1849
Byron, John|1723
Byron, May Clarissa Gillington|NULL
Bédier, Joseph|1864
Cable, Boyd|1878
Cahan, Abraham|1860
Cain, Georges|1856
Cajori, Florian|1859
Calamity Jane|1852
Call, Annie Payson|1853
Calvin, Jean|1509
Cambridge, Ada|1844
Camp, Samuel G. (Samuel Granger)|1877
Campbell, Archibald|1787
Campbell, C. A.|NULL
Campbell, Helen|1839
Campbell, John Campbell, Baron|1779
Campbell, Joseph|1879
Campbell, R. W.|NULL
Campbell, Thomas J. (Thomas Joseph)|1848
Canadian War Records Office|1877
Candolle, Alphonse de|1806
Cannan, Gilbert|1884
Cannon, George Q. (George Quayle)|1827
Capes, Bernard Edward Joseph|1854
Carey & Hart|NULL
Carey, Rosa Nouchette|1840
Carlile, Richard|1790
Carling, John R.|NULL
Carlton Studio|1866
Carlyle, Thomas|1795
Carmel, John Prosper|NULL
Carnegie, David Wynford|1871
Caron, Pierre, active 1886-1899|NULL
Carpenter, Alfred Francis Blakeney|1881
Carpenter, Edward|1844
Carpenter, J. Estlin (Joseph Estlin)|1844
Carrington, Hereward|1880
Carroll, Lewis|1832
Carryl, Guy Wetmore|1873
Carré, Michel|1819
Carter, Harry|1749
Carter, Herbert, active 1909-1917|NULL
Carter, Mary Elizabeth|NULL
Carteret, John Dunloe|NULL
Cartwright, Julia|1851
Casey, Patrick|1893
Casson, Herbert Newton|1869
Casteel, Dana Brackenridge|1877
Castle, Egerton|1858
Castlemon, Harry|1842
Cather, Willa|1873
Catherine II, Empress of Russia|1729
Catherwood, Mary Hartwell|1847
Catholic Colonization Bureau|NULL
Catlin, George|1796
Caulfeild, Vivian|1874
Causey, James|1924
Cecil, Florence Mary (Bootle-Wilbraham), Lady|1863
Celnart, Elisabeth|1796
Centennius, Ralph|NULL
Chadwick, Lester|NULL
Chalmers, George|1742
Chalmers, Margaret Piper|1880
Chambers, C. Haddon (Charles Haddon)|1860
Chambers, George F. (George Frederick)|1841
Chambers, Robert W. (Robert William)|1865
Chandler, Walter M. (Walter Marion)|1867
Channing, William Ellery|1780
Chapais, Thomas|1858
Chaplin, Charlie|1889
Chapman, Allen|NULL
Chapman, W. F.|NULL
Charnay, Désiré|1828
Chase, Hiram|NULL
Chase, Josephine|NULL
Chase, Mary Ellen|1887
Chateaubriand, François-René, vicomte de|1768
Chatto & Windus (Firm)|NULL
Chatto, William Andrew|1799
Chaucer, Geoffrey|1342
Chen, Yü-Gwan|1893
Chertkov, V. G. (Vladimir Grigorevich)|1854
Chesnutt, Charles W. (Charles Waddell)|1858
Chester, George Randolph|1869
Chesterton, G. K. (Gilbert Keith)|1874
Chetwynd, Henry Wayland, Mrs.|NULL
Chevalier, Michel|1806
Cheyney, Edward Potts|1861
Chicago, Milwaukee, St. Paul, and Pacific Railroad Company|NULL
Child, Frank Samuel|1854
Childs, Thomas S. (Thomas Spencer)|1825
Chinnery, William|1708
Chittenden, Hiram Martin|1858
Cholmondeley, Mary|1859
Chopin, Kate|1850
Chrisman, Oscar|1855
Christian, Eugene|1860
Church of Jesus Christ of Latter-day Saints|1805
Church, Alfred John|1829
Churchill, Winston|1874
Cibber, Colley|1671
Cicero, Marcus Tullius|-106
Clacy, Charles, Mrs.|NULL
Cladel, Judith|NULL
Claridge, R. T.|NULL
Clark, Charles Heber|1841
Clark, Joan|1905
Clark, Keith|1879
Clark, Samuel Evans|NULL
Clark, Walter A. (Walter Augustus)|NULL
Clarke, Geoffrey|NULL
Clarke, James Freeman|1810
Clarke, Laurence (Laurence Ayscough)|NULL
Clarke, William|1800
Clayton, Ellen C. (Ellen Creathorne)|1834
Clayton, William|1814
Cleland, Robert|NULL
Clemenceau, Georges|1841
Clements, Edith S. (Edith Schwartz)|NULL
Clifford, Josephine|1838
Clinch, George|1860
Clodd, Edward|1840
Clontz, J. (Jerry)|NULL
Clopper, Edward Nicholas|1879
Cobb, Frank|NULL
Cobb, Irvin S. (Irvin Shrewsbury)|1876
Coburn, Claire Martha|1876
Cocke, Sarah Johnson|NULL
Cocker, B. F. (Benjamin Franklin)|1821
Cody, H. A. (Hiram Alfred)|1872
Coey, Charles Andrew|1870
Coffin, Charles Carleton|1823
Coit, Adelin Balch|NULL
Coker, R. E. (Robert Ervin)|1876
Colborn, Edward F.|1854
Colby, Charles W. (Charles William)|1867
Colcord, Lincoln|1883
Cole, Harry Ellsworth|1861
Cole, Thomas R. (Thomas Raymond)|1881
Coleridge, Christabel R. (Christabel Rose)|1843
Coleridge, Samuel Taylor|1772
Collie, Norman|1859
Collier, Dorothy Josephine|1894
Collier, Jeremy|1650
Collingwood, W. G. (William Gershom)|1854
Collins, E. Burke, Mrs.|1848
Collins, Joseph|1866
Collins, Wilkie|1824
Colman, Miss (Pamela Atkins)|1824
Colton, Arthur|1868
Colton, Calvin|1789
Colton, Matthew M.|1859
Colvin, Sidney|1845
Combe, William|1742
Comfort, Will Levington|1878
Comins, Elizabeth B. (Elizabeth Barker)|NULL
Comstock, Harriet T. (Harriet Theresa)|1860
Conant, Charles A. (Charles Arthur)|1861
Conder, C. R. (Claude Reignier)|1848
Confucius|-551
Conklin, Nathaniel, Mrs.|1841
Conn, H. W. (Herbert William)|1859
Connors, Chuck|NULL
Conover, Mary Roberts|1880
Conrad, Joseph|1857
Converse, Florence|1871
Conway, Hugh|1847
Conway, Moncure Daniel|1832
Cook, D. J.‏ ‎(David J.)|1840
Cook, Edward Tyas, Sir|1857
Cook, Joel|1842
Cook, Joseph|1838
Cook, Stanley Arthur|1873
Cook, William Wallace|1867
Cooke, Grace MacGowan|1863
Cooley, Arnold James|1832
Coolidge, Susan|1835
Cooper, A. Heaton (Alfred Heaton)|1863
Cooper, Henry St. John|NULL
Cooper, James A.|1862
Cooper, James Fenimore|1789
Coppinger, R. W. (Richard William)|NULL
Corbett, Edward|NULL
Corbett, John M.|NULL
Corbett, Julian Stafford|1854
Corelli, Marie|1855
Cornelius, Mrs. (Mary Hooker)|1796
Cory, David|1872
Costantini, Anna Miller|1880
Coster, Charles de|1827
Cotter, Joseph S. (Joseph Seamon)|1861
Cotton, Catherine|NULL
Coues, Elliott|1842
Coulthard, H. R.|NULL
Couperus, Louis|1863
Courthope, William John|1842
Cowan, Frank|1844
Cowan, James|1870
Cowan, John Pryor|1875
Coward, T. A. (Thomas Alfred)|1867
Cowley, Matthias F.|NULL
Cowper, E. E. (Edith Elise)|NULL
Cox, Florence Tinsley|1877
Cox, Palmer|1840
Cox, Stephen Angus|NULL
Crabbe, George|1754
Crabtre, Addison Darre|NULL
Craddock, Irving|NULL
Craig, Austin|1872
Craigie, William A. (William Alexander), Sir|1867
Craik, Dinah Maria Mulock|1826
Craik, Georgiana M. (Georgiana Marion)|1831
Craine, E. J. (Edith Janice)|1881
Cram, Ralph Adams|1863
Crane, J. T. (Jonathan Townley)|1819
Crane, Oliver|NULL
Crane, Stephen|1871
Crane, Walter|1845
Crastre, François|NULL
Crawford, Albert Cornelius|NULL
Crawford, F. Marion (Francis Marion)|1854
Creasy, Edward Shepherd, Sir|1812
Creighton, Charles|1847
Creighton, Louise|1850
Creswicke, Louis|NULL
Crockett, S. R. (Samuel Rutherford)|1860
Crooke, William|1848
Crosby, Frank|NULL
Crosthwaite, C. H. T. (Charles Haukes Todd)|1835
Croston, James|1830
Crouch, Humphrey, active 1635-1671|NULL
Crowest, Frederick James|1850
Crowquill, Alfred|1804
Cruikshank, Robert|1789
Crumpton, Washington Bryan|1842
Cuddeback, William Louis|1854
Cuffe, Paul|1795
Culin, Stewart|1858
Cullen, Clarence Louis|NULL
Culpeper, Josephine|NULL
Cumberland, Barlow|1846
Cuming, E. D. (Edward William Dirom)|1862
Cummings, William Hayman|1831
Cundall, Joseph|1818
Cuniberti, Julia Lovejoy|NULL
Cunningham, Charles Henry|1885
Cunningham, H. S. (Henry Stewart), Sir|1832
Cunningham, W. (William)|1849
Cunninghame Graham, R. B. (Robert Bontine)|1852
Cupples, George, Mrs.|1839
Cupples, George|1822
Curl, Mervin James|NULL
Curon, L. O.|NULL
Curtis, George Ticknor|1812
Curtis, Herbert Pelham|NULL
Curtis, John Charles|NULL
Curtis, Robert|NULL
Curtis, T. D. (Thomas Day)|NULL
Curtis, William Eleroy|1850
Curwood, James Oliver|1878
Cushman, Robert|NULL
Custer, Elizabeth Bacon|1842
Cutler, Frederick Morse|1874
Cutts, Edward Lewes|1824
Cuvru-Magot, Henriette|NULL
Cyrano de Bergerac|1619
D'Anvers, N.|NULL
Dacus, J. A. (Joseph A.)|NULL
Dafoe, John Wesley|1866
Dale, Alan|1861
Dale, Horace C.|NULL
Dall, Caroline Wells Healey|1822
Dalrymple, Leona|1884
Dalziel, D. (Davison)|NULL
Dana, Charles A. (Charles Anderson)|1819
Dana, Richard Henry|1815
Dane, Clemence|NULL
Dane, Edmund (Military historian)|NULL
Daniel, George|1789
Daniels, Mabel W. (Mabel Wheeler)|1878
Dante Alighieri|1265
Darroch, G. R. S.|NULL
Darwin, Bernard|1876
Darwin, Charles|1809
Das, Chitta Ranjan|1870
Das, Sukumar Ranjan|NULL
Daughters of the American Revolution. Pittsburgh Chapter (Pittsburgh, Pa.)|NULL
Davenport, Cyril|1848
Davenport, Emma|NULL
Davey, Richard|1848
Davies, G. Christopher (George Christopher)|1849
Davies, John, Sir|1569
Davies, W. H. (William Henry)|1871
Davis, Anne Pence|NULL
Davis, F. Hadland (Frederick Hadland)|NULL
Davis, Foxcroft|1860
Davis, Jefferson|1808
Davis, John Francis|1859
Davis, Katherine Wallace|NULL
Davis, Leslie A.|1876
Davis, Richard Harding|1864
Davis, William Stearns|1877
Dawson, John William, Sir|1820
Dawson, William Harbutt|1860
Dawson, William Leon|1873
Day, Holman|1865
Day, Lewis F. (Lewis Foreman)|1845
Day, Samuel Phillips|NULL
Day, Thomas Fleming|1861
Day, Thomas|1748
De Carlo, Camillo|NULL
De Cleyre, Voltairine|1866
De Forest, John William|1826
De Hurst, C.|NULL
De Laurence, L. W. (Lauron William)|1868
De Mille, James|1833
De Morgan, John|1848
De Morgan, William|1839
De Quincey, Thomas|1785
De Saussure, N. B. (Nancy Bostick)|1837
De Teresa, Ysabel|NULL
De Vere, Aubrey|1814
Deam, Charles Clemon|1865
Dean, Arthur D. (Arthur Davis)|1872
Dean, Graham M.|1904
Deane, P. E. (Percival Edgar)|1890
Decle, Lionel|1859
DeCosta, B. F. (Benjamin Franklin)|1831
Deeping, Warwick|1877
Defoe, Daniel|NULL
Deignan, H. G. (Herbert Girton)|1906
Dekker, Thomas|NULL
Delaborde, Henri, comte|1811
Delannoy, Burford|NULL
Delany, Samuel R.|1942
Dell, Ethel M. (Ethel May)|1881
Dellenbaugh, Frederick Samuel|1853
Delphian Society|NULL
Deniker, Joseph|1852
Denikin, Anton Ivanovich|1872
Denis, Hector|1842
Denis, Pierre|1883
Denney, James|1856
Dennis, C. J. (Clarence James)|1876
Dennistoun, James|1803
Derleth, August|1909
Des Niau|NULL
Devon, James|NULL
Dewar, Douglas|1875
Dewey, Byrd Spilman|1856
Dewey, G. Gordon|1916
Dewey, John|1859
Dexter, Timothy|1747
Dick & Fitzgerald|NULL
Dick, Philip K.|1928
Dickens, Charles|1812
Dickinson, Edward|1853
Dickinson, John|1732
Dickinson, Sidney|1851
Dickinson, W. Howship (William Howship)|1832
Diehl, Alice M. (Alice Mangold)|1844
Dilke, Charles Wentworth, Sir|1843
Dillon, Edward|NULL
Dino, Dorothée, duchesse de|1793
Dircks, Henry|1806
Ditchfield, P. H. (Peter Hampson)|1854
Dix, Beulah Marie|1876
Dix, Irving Sidney|1880
Dixie, Florence, Lady|1855
Dixon, Billy|1850
Dixon, Charles|1858
Dobyns, Harold Warren|1896
Dodd, Ira Seymour|1842
Dodge, Mary Mapes|1830
Dodge, Walter Phelps|1869
Dods, Marcus|1834
Dodsley, Robert|1703
Donald, Henry W.|NULL
Donat, Josef|1868
Donelan, A. M.|NULL
Donnelly, Ignatius|1831
Doran, Dr. (John)|1807
Dorling, H. Taprell (Henry Taprell)|1883
Dos Passos, John R. (John Randolph)|1844
Dostoyevsky, Fyodor|1821
Doughty, Frank W.|NULL
Douglas, Alfred Bruce|1870
Douglas, Amanda M.|1831
Douglas, James|1867
Douglas, Norman|1868
Douglas-Irvine, Helen|1880
Dover, George Agar Ellis, Baron|1797
Dow, Arthur W. (Arthur Wesley)|1857
Dow, George Francis|1868
Dowling, Richard|1846
Doyle, Arthur Conan|1859
Drake, James, active 1825|NULL
Drake, Samuel Adams|1833
Draper, John William|1893
Drews, Arthur|1865
Dreyfus, Suelette|NULL
Driscoll, James R.|NULL
Drummond, James|1816
Drummond, William Henry|1854
Dry, Wakeling|NULL
Du Bois, W. E. B. (William Edward Burghardt)|1868
Du Boisgobey, Fortuné|1821
Dubnow, Simon|1860
Dubourg, George|1799
Duckworth, W. L. H. (Wynfrid Laurence Henry)|1870
Dufferin and Ava, Frederick Temple Blackwood, Marquis of|1826
Duffield, A. J. (Alexander James)|1821
Duffield, J. W.|NULL
Dufresny, Charles Rivière|1657
Duhamel, Georges|1884
Dulac, Edmund|1882
Dumas, Alexandre|1802
Duncan, Julia K.|NULL
Duncan, Norman|1871
Duncan, Sara Jeannette|1861
Duncker, Max|1811
Dunham, Curtis|1863
Dunlop, William|1792
Dunne, Finley Peter|1867
Dunning, Hal|1880
Dunsany, Lord|1878
Dunton, James G. (James Gerald)|1899
Duprè, Giovanni|1817
DuPuy, William Atherton|1876
Durand, Guillaume|NULL
Durant, Will|1885
Duras, Louise Henriette Charlotte Philippine (de Noailles) de Durfort, duchesse de|1745
Durham, M. E. (Mary Edith)|1863
Durham, Robert Lee|1870
Durkheim, Émile|1858
Durston, George|NULL
Dutton, Louie M. Knight|1852
Dye, Eva Emery|1855
Dyer, T. F. Thiselton (Thomas Firminger Thiselton)|1848
Dyer, Walter A. (Walter Alden)|1878
E. & F. N. Spon|NULL
Earle, Alice Morse|1851
East, Timothy|NULL
Eastlake, Charles Lock, Sir|1793
Eastwood, Frances|NULL
Eaton, Daniel Cady|1834
Eccott, W. J.|NULL
Eckenstein, Lina|1857
Eckstein, Ernst|1845
Eden, Charles H. (Charles Henry)|1839
Eden, Emily|1797
Edgar, John G. (John George)|1834
Edgcumbe, Richard|1843
Edwards, Albert|1879
Edwards, George Wharton|1859
Edwards, H. Sutherland (Henry Sutherland)|1828
Edwards, Lyford P. (Lyford Paterson)|1882
Edwards, William Seymour|1856
Eeden, Frederik van|1860
Egerton-Warburton, Geoffrey|NULL
Eggleston, George Cary|1839
Einhard|NULL
Eldredge, Zoeth Skinner|1846
Elfer, William André|NULL
Eliot, George|1819
Ellanby, Boyd|NULL
Elliot, G. F. Scott (George Francis Scott)|1862
Elliott, Charles Wyllys|1817
Elliott, Maud Howe|1854
Ellis, Beth|1874
Ellis, Edward Sylvester|1840
Elmendorf, Dwight L. (Dwight Lathrop)|1859
Elson, Henry W. (Henry William)|1857
Ely, Helena Rutherfurd|NULL
Ely, Wilmer M. (Wilmer Mateo)|NULL
Emerson, Alice B.|NULL
Emerson, Charles Wesley|1837
Emerton, J. H. (James Henry)|1847
Emmons, Samuel B. (Samuel Bulfinch)|NULL
Endell, Fritz August Gottfried|1873
Engel, Carl|1818
Ennis, Luna May|NULL
Epictetus|55
Erasmus, Desiderius|1469
Eric, Allan|1864
Estabrooke, Edward M.|NULL
Etten, Gerard Van|NULL
Eucken, Rudolf|1846
Evans, Augusta J. (Augusta Jane)|1835
Evans, Cerinda W.|NULL
Evans, E. P. (Edward Payson)|1831
Evans, George Fullerton|NULL
Evans, Henry Ridgely|1861
Evelyn, John|1620
Everett, Alexander Hill|1790
Everett-Green, Evelyn|1856
Everitt, Nicholas|NULL
Eversley, G. Shaw-Lefevre (George Shaw-Lefevre), Baron|1832
Ewald, Carl|1856
Ewing, Juliana Horatia Gatty|1841
Eyerman, John|NULL
Fairchild, Marian|1880
Fairless, Michael|1869
Falkner, William C. (Clark)|1825
Fantus, Bernard|1874
Farjeon, B. L. (Benjamin Leopold)|1833
Farnol, Jeffery|1878
Farquhar, Franklin Smith|1865
Farrar, F. W. (Frederic William)|1831
Farrow, G. E. (George Edward)|1866
Faux, W. (William)|NULL
Federal Writers' Project of the Works Progress Administration for the State of North Dakota|NULL
Feehan, Mary Edward|1878
Felix, Charles|1833
Fenn, George Manville|1831
Fenwick, E. (Eliza)|1766
Ferber, Edna|1885
Fern, Fanny|1811
Ferri, Enrico|1856
Fetter, Frank A. (Frank Albert)|1863
Feuerbach, Ludwig|1804
Feuillet, Octave|1821
Fewkes, Jesse Walter|1850
Ffoulkes, Charles John|1868
Ficke, Arthur Davison|1883
Fickett, M. Grace (Mary Grace)|NULL
Field, Cyril|1859
Field, Eugene|1850
Field, Henry M. (Henry Martyn)|1822
Field, Nathaniel|1587
Fielding, Henry|1707
Fielding, Jane|1854
Figuier, Louis|1819
Finberg, A. J. (Alexander Joseph)|1866
Findlater, Jane Helen|1866
Findlay, George G. (George Gillanders)|1849
Finlayson, George|1790
Finley, Martha|1828
Finnemore, John|1863
Finze, Kate John|NULL
Fischer, Henry W. (Henry William)|1856
Fishburne, William Brett|NULL
Fisk, W. W. (Walter Warner)|1888
Fiske, Bradley A. (Bradley Allen)|1854
Fiske, John|1842
Fitch, Henry S. (Henry Sheldon)|1909
Fithian, Philip Vickers|1747
Fittis, Robert Scott|1824
Fitzgerald, F. Scott (Francis Scott)|1896
Fitzhugh, Percy Keese|1876
Flagg, Edmund|1815
Flammarion, Camille|1842
Flanagan, T. J.|NULL
Flandrau, Charles Macomb|1871
Flaubert, Gustave|1821
Fleagle, Fred K.|NULL
Fleay, Frederick Gard|1831
Flecker, James Elroy|1884
Fleming, May Agnes|1840
Fleming, Walter L. (Walter Lynwood)|1874
Fletcher, Horace|1849
Fletcher, J. S. (Joseph Smith)|1863
Fletcher, John|1579
Fleuron, Svend|1874
Flick, Alexander Clarence|1869
Flint, Robert|1838
Flom, George T. (George Tobias)|1871
Flynn, William J. (William James)|1867
Flynt, Josiah|1869
Folkard, Richard|NULL
Follen, Eliza Lee Cabot|1787
Fonda, Arthur Isaac|NULL
Forbes, Henry O. (Henry Ogg)|1851
Forbes, James|1773
Forbes, Robert|1708
Forbes, S. Russell|NULL
Ford Motor Company|NULL
Ford, Ford Madox|1873
Forde, Gertrude|NULL
Foreman, Carolyn Thomas|1875
Forfar, William Bentinck|1810
Forman, Henry James|1879
Forman, Justus Miles|1875
Forman, S. E. (Samuel Eagle)|1858
Forman, Samuel S.|1765
Forrester, Andrew|NULL
Forrester, Izola L. (Izola Louise)|1878
Forwood, William Bower, Sir|1840
Fosdick, Harry Emerson|1878
Foster, A. J.|NULL
Foster, Edith Francis|NULL
Foster, Edwin W.|NULL
Foster, Finley Melville Kendall|1892
Foster, James H.|NULL
Foster, Maximilian|1872
Foster, Sophie Lee|1867
Fougasse|1887
Fovargue, Stephen|NULL
Fowler, Charles, Jr.|NULL
Fowler, Harold North|1859
Fowler, Richard|1765
Fowler, Thomas|1832
Fox, Charles James|1749
Fox, Edward Lyell|1887
Fox, Frances Margaret|1870
Fox, Frank|1874
Fox, George|1624
Fox, John|1863
Fox, R. K. (Richard Kyle)|1846
Fox, William Fayette|1836
Fox-Davies, Arthur Charles|1871
France, Lewis B.|1833
Francillon, R. E. (Robert Edward)|1841
Francis, de Sales, Saint|1567
Francis, Samuel W. (Samuel Ward)|1835
Franck, Harry Alverson|1881
Frankau, Gilbert|1884
Frankland, Grace C.|1858
Franklin, Benjamin|1706
Franklin, Josephine|NULL
Fraser, C. F., Mrs.|NULL
Fraser, Chelsea Curtis|1876
Fraser, John Foster|NULL
Fraser, Thurlow|NULL
Fraser, William Alexander|1859
Frazar, Douglas|1836
Frazer, James George|1854
Frederic, Harold|1856
Freeman, Edward A. (Edward Augustus)|1823
Freeman, Lewis R. (Lewis Ransome)|1878
Freeman, Mary Eleanor Wilkins|1852
Freese, Jacob R.|1826
Freiherr von Liebig, Justus|1803
French, Allen|1870
French, Richard Valpy|NULL
French, Samuel Gibbs|1818
Freshfield, Douglas William|1845
Freud, Sigmund|1856
Friendship Club (Madison, Wisconsin)|NULL
Frith, William Powell|1819
Frost, John|1800
Frost, Thomas|1821
Frost, William Henry|1863
Fuller, Alvarado M. (Alvarado Mortimer)|1851
Fullerton, Georgiana|1812
Fulton, Edwin Giles|1867
Fulton, Frances I. Sims|NULL
Funck-Brentano, Frantz|1862
Furneaux, William S.|NULL
Furst, Herbert|1874
Fuseli, Henry|1741
Fyfe, H. B. (Horace Bowne)|1918
Fyfe, W. T.|NULL
Förstemann, Ernst Wilhelm|1822
Gaboriau, Emile|1832
Gaffer Black Beard|NULL
Gage, Matilda Joslyn|1826
Galbraith, Anna M. (Anna Mary)|1859
Gale, Norman|1862
Gallizier, Nathan|1866
Gallon, Tom|1866
Gallun, Raymond Z.|1911
Galsworthy, John|1867
Galt, John|1779
Galt, Katherine Keene|NULL
Gandhi, Mahatma|1869
Gann, Thomas William Francis|1867
Gannon, W.|NULL
Gardener, Helen H. (Helen Hamilton)|1853
Gardiner, Samuel Rawson|1829
Gardner, Edmund G.|1869
Gardner, John Starkie|1844
Garis, Cleo F.|1905
Garis, Howard Roger|1873
Garis, Lilian|1873
Garner, R. L. (Richard Lynch)|1848
Garnier, Jules|1847
Garrett, Erwin Clarkson|1879
Garvice, Charles|1850
Gaskell, Catherine Henrietta Milnes, Lady|NULL
Gaskell, Elizabeth Cleghorn|1810
Gaskell, Walter Holbrook|1847
Gasquet, Francis Aidan|1846
Gaston III Phoebus, count of Foix|1331
Gatacre, Beatrix Wickens Davey, Lady|NULL
Gates, Susa Young|1856
Gautier, Judith|1845
Gautier, Théophile|1811
Gay, Mary Ann Harris|1827
Gayley, Charles Mills|1858
Gehrts, Meg|1891
Geikie, James|1839
Genevoix, Maurice|1890
Gentry, Thomas G. (Thomas George)|1843
George, H. B. (Hereford Brooke)|1838
Gerrare, Wirt|1862
Gerstäcker, Friedrich|1816
Gervinus, Georg Gottfried|1805
Gibbon, Edward|1737
Gibbon, Frederick P.|NULL
Gibbon, Perceval|1879
Gibbons, Helen Davenport|1882
Gibbs, A. Hamilton (Arthur Hamilton)|1888
Gibbs, George|1870
Gibbs, Montgomery B.|NULL
Gibbs, Philip|1877
Gibson, George Herbert|1846
Gibson, Henry H.|1855
Gibson, J. W. (J. Watt)|1829
Gibson, Joe|NULL
Gibson, John Monro|1838
Gibson, Louis H. (Louis Henry)|1854
Gibson, W. Hamilton (William Hamilton)|1850
Gibson, Wilfrid Wilson|1878
Giddings, Joshua R. (Joshua Reed)|1795
Gilbert, Frank|1839
Gilbey, Walter, Sir|1831
Giles, Ernest|1835
Giles, Herbert Allen|1845
Gillis, Charles J.|NULL
Gillmore, Inez Haynes|1873
Gilman, Charlotte Perkins|1860
Gilman, Elizabeth Hale|NULL
Gilmore, John|NULL
Gilson, Roy Rolfe|1875
Gissing, George|1857
Glasser, Allen|1908
Gleason, Arthur|1878
Glyn, Elinor|1864
Goddard, E. H. (Edward Hungerford)|1854
Goddard, Henry Herbert|1866
Godfrey, Elizabeth|NULL
Godwin, Francis|1562
Goforth, Rosalind|1864
Gogh, Vincent van|1853
Goldfrap, John Henry|1879
Goldman, Emma|1869
Goldsmid, Edmund|NULL
Gomme, Alice Bertha|1853
González de Mendoza, Juan|1545
Gooch, Richard|1791
Goodkind, Ben|NULL
Goodrich, Charles A. (Charles Augustus)|1790
Goodrich, Frank B. (Frank Boott)|1826
Goodrich, Samuel G. (Samuel Griswold)|1793
Goodridge Roberts, Theodore|1877
Goodwin, Maud Wilder|1856
Goodwin, Nat. C. (Nathaniel Carll)|1857
Gookin, Frederick W.|1853
Gordon, Cora|1879
Gordon, Elizabeth|1866
Gordon, George Stuart|1881
Gordon, John Brown|1832
Gorges, Mary|NULL
Gould, Arthur Corbin|1850
Gould, Charles|1834
Gould, Elizabeth Porter|1848
Gould, Hannah Flagg|1789
Gould, W. J. D.|NULL
Goulding, F. R. (Francis Robert)|1810
Gourmont, Remy de|1858
Gowing, T. (Timothy)|1834
Graetz, Heinrich|1817
Graham, Harry|1874
Graham, John W. (John William), active 1886-1887|NULL
Graham, Stephen|1884
Grahame-White, Claude|1879
Grant, Ulysses S. (Ulysses Simpson)|1822
Gravengaard, N. P. (Niels Peter)|1865
Graves, Charles L. (Charles Larcom)|1856
Graves, Kersey|1813
Graves, Robert|1895
Gray, James M. (James Martin)|1851
Gray, John Alfred|NULL
Graydon, William Murray|1864
Great Britain. Sovereign|NULL
Green, Anna Katharine|1846
Green, Samuel G. (Samuel Gosnell)|1822
Greenbie, Sydney|1889
Greene, George Washington|1811
Greene, Homer|1853
Greene, Robert|NULL
Greener, William|1806
Gregg, Josiah|1806
Grego, Joseph|1843
Gregor, Elmer Russell|1878
Gregorovius, Ferdinand|1821
Gregory, Edward W. (Edward William)|1871
Gregory, Lady|1852
Gregory, Owen|NULL
Grendon, Felix|1882
Greville, Charles|1794
Grey, Mrs. (Elizabeth Caroline)|1798
Grey, Zane|1872
Gribble, Francis Henry|1862
Grierson, Francis|1848
Griffiths, Arthur|1838
Griggs, Edward Howard|1868
Grimaldi, Joseph|1779
Grimm, George|NULL
Grindon, Leo H. (Leo Hartley)|1818
Grinnell, George Bird|1849
Griswold, F. Burge (Frances Burge)|1826
Grogan, Ewart Scott|1874
Grolier Club|NULL
Gross, Anna Goldmark|NULL
Grosvenor, Abbie Johnston|1865
Grote, George|1794
Grotius, Hugo|1583
Grove, Harriet Pyne|NULL
Grover, Eulalie Osgood|1873
Grundy, Sydney|1848
Guerrazzi, Francesco Domenico|1804
Guibert, Abbot of Nogent-sous-Coucy|1053
Guild, Curtis|1827
Guimbaud, Louis|1869
Guizot, Madame (Elisabeth Charlotte Pauline)|1773
Gumaer, Peter E.|1771
Gunn, Jeannie|1870
Guppy, H. B. (Henry Brougham)|1854
Guthe, Carl E. (Carl Eugen)|1893
Guthrie, Ellen Emma|NULL
Guðmundur Kamban|1888
Gwynn, Stephen Lucius|1864
Günther, Marie A., countess|NULL
H. L. L.|1783
Habberton, John|1842
Habershon, M. H. (Matthew Henry)|1821
Haddock, Frank C. (Frank Channing)|1853
Haddon, Alfred C. (Alfred Cort)|1855
Haeckel, Ernst|1834
Haggard, H. Rider (Henry Rider)|1856
Hahn, Emily|1905
Haight, Elizabeth Hazelton|1872
Hakluyt, Richard|NULL
Haldane, Elizabeth Sanderson|1862
Hale, Edward Everett|1822
Hale, Sarah Josepha Buell|1788
Hale, Susan|1833
Halfer, Josef|NULL
Hall, A. Neely (Albert Neely)|1883
Hall, Ansel F. (Ansel Franklin)|1894
Hall, Austin|1882
Hall, Bolton|1854
Hall, E. Raymond (Eugene Raymond)|1902
Hall, H. R. Wilton|NULL
Hall, John A.|NULL
Hallam, Henry|1777
Hallays, André|1859
Halsey, Rena I.|1860
Hamblin, Jacob|1819
Hamel, Frank|NULL
Hamerton, Philip Gilbert|1834
Hamilton, Mary, Lady|1739
Hamilton-Browne, G.|NULL
Hammerton, John Alexander, Sir|1871
Hammond, William A. (William Alexander)|1828
Hamp, Sidford F. (Sidford Frederick)|1855
Hamsun, Knut|1859
Hancock, H. Irving (Harrie Irving)|1868
Handcock, Percy S. P. (Percy Stuart Peache)|NULL
Hanguillart, André Godefroy Lionel|NULL
Hannah, Ian C.|1874
Hannay, David|1853
Hansard, Réné|NULL
Hanshew, Thomas W.|1857
Hanson, Charles Henry|NULL
Hanson, J. H. (Joseph Have)|NULL
Hanson, Joseph Mills|1876
Hapgood, Hutchins|1869
Hardwick, Charles|1817
Hardy, Thomas|1840
Hardy, William John|1857
Harker, L. Allen (Lizzie Allen)|1863
Harkins, E. F. (Edward Francis)|1872
Harland, John|1806
Harland, Marion|1830
Harland, Robert O.|NULL
Harlow, Lewis D. (Lewis Davis)|1818
Harper, Charles G. (Charles George)|1863
Harper, Henry Howard|1871
Harraden, Beatrice|1864
Harriman, Karl Edwin|1875
Harriot, Thomas|1560
Harris, Albert W. (Albert Wadsworth)|1867
Harris, J. Henry|NULL
Harris, Maurice H. (Maurice Henry)|1859
Harris, Miriam Coles|1834
Harris, T. M. (Thomas Mealey)|1817
Harrison, Benjamin|1833
Harrison, Burton, Mrs.|1843
Harrison, Carter H. (Carter Henry)|1825
Harrison, Elizabeth|1849
Hart, Albert Bushnell|1854
Hart, Helen|1890
Hart, Michael|1947
Hart-Davis, H. V.|NULL
Harte, Bret|1836
Harting, James Edmund|1841
Harting, Pieter|1812
Hartley, John|1839
Hartmann, George|1852
Hartstonge, Matthew Weld|1772
Harvey, Marion|NULL
Haskin, Frederic J. (Frederic Jennings)|1872
Hasson, Benjamin F.|NULL
Hastings, Thomas|1784
Hauff, Wilhelm|1802
Hauksbee, Francis|1687
Havell, H. L. (Herbert Lord)|NULL
Haven, Joseph|1816
Haw, George|NULL
Hawes, Charles Boardman|1889
Hawker, Robert Stephen|NULL
Hawks, Francis L. (Francis Lister)|1798
Haworth, M. E. (Martin E.)|NULL
Hawthorne, Julian|1846
Hawthorne, Nathaniel|1804
Hay, George|1876
Hay, Ian|1876
Hay, Malcolm V. (Malcolm Vivian)|1881
Haycraft, John Berry|1857
Hayden, Arthur|1868
Hayens, Herbert|1861
Hayes, Clair W. (Clair Wallace)|1887
Haynes, Williams|1886
Hays, Mary|1759
Haywood, Eliza Fowler|NULL
Hazard, Rowland Gibson|1855
Hazelton, Harry|NULL
Hazen, Edward|NULL
Hazlitt, William Carew|1834
Head, Francis Bond, Sir|1793
Headlam, Cecil|1872
Headland, Frederick William|NULL
Healy, John|1841
Healy, Mary Tenney|1869
Hearn, Lafcadio|1850
Heath, Sidney|1872
Heckethorn, Charles William|NULL
Hedin, Sven Anders|1865
Hedrick, U. P.|1870
Hegel, Georg Wilhelm Friedrich|1770
Heilbron, William Casper|1864
Heine, Frank R.|NULL
Helm, Linai T. (Linai Taliaferro)|NULL
Hemmeon, Joseph Clarence|1880
Hemstreet, Marie Mumford Meinell|1866
Hemyng, Bracebridge|1841
Henderson, W. J. (William James)|1855
Hendryx, James B. (James Beardsley)|1880
Henry Voorce Brandenburg & Co.|NULL
Henry, E. A.|NULL
Henry, H. A. (Henry Abraham)|1800
Henry, Thomas|1734
Henshall, James A. (James Alexander)|1836
Henty, G. A. (George Alfred)|1832
Hentz, Caroline Lee|1800
Herbart, Johann Friedrich|1776
Herbert, A. P. (Alan Patrick)|1890
Herbert, Henry William|1807
Herford, R. Travers (Robert Travers)|1860
Hergesheimer, Joseph|1880
Hering, Henry Augustus|1864
Hermann, Edward Adolph|NULL
Hermann, I. (Isaac)|1838
Herrick, Christine Terhune|1859
Herrick, Robert|1868
Herrington, Walter Stevens|1860
Hervey, Thomas K.|NULL
Hervey, Walter Lowrie|1862
Hess, Alfred F.|1875
Hess, Walter Léon|NULL
Hewitt, William, active 19th century|NULL
Hewlett, Albion Walter|1874
Hewlett, Maurice|1861
Heyliger, William|1884
Hiatt, Charles|1869
Hibberd, Shirley|1825
Hichborn, Franklin|1869
Hichens, Robert|1864
Higgins, Aileen Cleveland|1882
Higgs, Mary|1854
Hill, Frederick Trevor|1866
Hill, George Birkbeck Norman|1835
Hill, Richard William|1878
Hillegas, Howard Clemens|1872
Himmelwright, A. L. A. (Abraham Lincoln Artman)|1865
Hind, C. Lewis (Charles Lewis)|1862
Hindley, Charles|NULL
Hine, C. C. (Charles Cole)|1825
Hine, Charles De Lano|1867
Hines, Neal O.|NULL
Hinrichs, Charles F. A.|NULL
Hinton, A. Horsley (Alfred Horsley)|1863
Hirst, W. A. (William Alfred)|1870
Hissey, James John|NULL
Hocking, Joseph|1860
Hocking, Silas K. (Silas Kitto)|1850
Hodder, Reginald|NULL
Hodges, Elizabeth, active 1895-1897|NULL
Hodgson, Fred. T. (Frederick Thomas)|1836
Hodgson, Randolph Llewellyn|NULL
Hoenshel, Elmer U. (Elmer Ulysses)|1864
Hogan, Ben (Benedict)|NULL
Hogg, James|1770
Hogue, Oliver|1880
Holbach, Paul Henri Thiry, baron d'|1723
Holberg, Ludvig|1684
Holbrook, James|1812
Holdich, Thomas Hungerford, Sir|1843
Holdsworth, Mary|NULL
Hole, S. Reynolds (Samuel Reynolds)|1819
Holinshed, Raphael|NULL
Holland, Clive|1866
Holland, E. G. (Elihu Goodwin)|1817
Holland, Rupert Sargent|1878
Holland, W. J. (William Jacob)|1848
Holme, Constance|NULL
Holmes, Augusta Macgregor|NULL
Holmes, E. Bruce|NULL
Holmes, Lewis|NULL
Holmes, Mary Jane|1825
Holmes, Oliver Wendell|1809
Holmes, William Henry|1846
Holt, Emily Sarah|1836
Holt-White, W. (William)|1878
Holtzapffel, John J. (John Jacob)|1824
Home, Gordon|1878
Homer|-750
Hone, William|1780
Hood, Tom|1835
Hooker, John|1534
Hooker, William Francis|1856
Hooton, Charles|NULL
Hope, Anthony|1863
Hope, Laura Lee|NULL
Hope, W. H. St. John (William Henry St. John), Sir|1854
Hopkins, Albert A. (Albert Allis)|1869
Hopkins, Cyril G. (Cyril George)|1866
Hopkins, J. Castell (John Castell)|1864
Hopkins, Mark|1802
Hopkins, R. Thurston (Robert Thurston)|1884
Hornung, E. W. (Ernest William)|1866
Horsley, J. W. (John William)|1845
Horton, Robert F. (Robert Forman)|1855
Hotten, John Camden|1832
Houdini, Harry|1874
Hough, Emerson|1857
Houghton, Louise Seymour|1838
Houston, Edwin J. (Edwin James)|1847
Hovey, Richard|1864
Howard, Ebenezer, Sir|1850
Howard, Police Captain|NULL
Howard, Robert E. (Robert Ervin)|1906
Howe, Robert Harrison|NULL
Howe, W. H. (Walter Henry)|1848
Howells, William Dean|1837
Howitt, William|1792
Hubbard, Alice|1861
Hubbard, Elbert|1856
Hudson's Bay Company|NULL
Hudson, G. V. (George Vernon)|1867
Hudson, J. Paul|NULL
Hudson, W. H. (William Henry)|1841
Huffaker, Lucy|1879
Hughes, Edwin Holt|1866
Hughes, Richard Arthur Warren|1900
Hughes, Rupert|1872
Hughes, Thomas McKenny|1832
Hughes, Thomas|1849
Huish, Marcus B. (Marcus Bourne)|1845
Hulbert, Archer Butler|1873
Hulbert, Homer B. (Homer Bezaleel)|1863
Huldermann, Bernhard|NULL
Hullah, Annette|NULL
Hulme, F. Edward (Frederick Edward)|1841
Hume, David|1711
Hume, Fergus|1859
Huneker, James|1857
Hungerford, Edward|1875
Hunt, Leigh|1784
Hunt, Violet|1862
Hunter, William C.|1812
Huntington, George S. (George Sumner)|1861
Huntington, George|1835
Huntley, Florence|NULL
Hurlbut, Jesse Lyman|1843
Hurll, Estelle M. (Estelle May)|1863
Husband, Joseph|1885
Hutchins, B. L.|1858
Hutchinson, H. N. (Henry Neville)|1856
Hutsko, Joe|1963
Hutten zum Stolzenberg, Betsey Riddle, Freifrau von|1874
Hutton, Edward|1875
Hutton, William Holden|1860
Huxley, Aldous|1894
Huxley, Thomas Henry|1825
Hyde, Orson|1805
Hyne, Charles John Cutcliffe Wright|1866
Ibsen, Henrik|1828
Ignatius, Father, O.S.B.|1837
Iliowizi, Henry|1850
Imbert de Saint-Amand|1834
Inchbald, Mrs.|1753
Ingelo, Nathaniel|1636
Ingersoll, Ernest|1852
Ingersoll, R. Sturgis (Robert Sturgis)|1891
Ingraham, Prentiss|1843
Inman, Henry|1837
Inman, Herbert|NULL
International Eugenics Congress (1st : 1912 : London)|NULL
Ionides, Cyril|1871
Iqbal, Muhammad, Sir|1877
Irby, Augustus Henry|NULL
Irby, Richard|1825
Ireland, Mary E. (Mary Eliza)|1834
Irons, William J. (William Josiah)|1812
Irvine, Leigh H. (Leigh Hadley)|1863
Irving, H. B. (Henry Brodribb)|1870
Irving, Washington|1783
Irwin, Wallace|1876
Isaacsen, Adolph|NULL
Isham, Frederic Stewart|1866
J. Hatchard and Son|NULL
Jackson, Charles Ross|1867
Jackson, Gabrielle E. (Gabrielle Emilie)|1861
Jackson, Helen Hunt|1830
Jackson, Thomas Wright|1869
Jacobs, Joseph|1854
Jahn, Otto|1813
Jalal al-Din Rumi, Maulana|1207
James I, King of England|1566
James, Edwin|1797
James, G. P. R. (George Payne Rainsford)|NULL
James, George Wharton|1858
James, Henry|1843
Jamieson, John|1759
Jami|1414
Janvier, Thomas A. (Thomas Allibone)|1849
Jardine, Frank Lascelles|1841
Jarves, Deming|1790
Jarves, Elsie Deming|NULL
Jeaffreson, John Cordy|1831
Jeans, T. T. (Thomas Tendron)|NULL
Jefferies, Richard|1848
Jefferies, Thomas C.|NULL
Jefferson, Thomas|1743
Jeffery, Reginald W. (Reginald Welbury)|NULL
Jenkins, Elinor|NULL
Jenkinson, Emily J.|1879
Jenks, Jeremiah Whipple|1856
Jensen, Wilhelm|1837
Jerome, Jerome K. (Jerome Klapka)|1859
Jerrold, Blanchard|1826
Jerrold, Douglas William|1803
Jerrold, Walter|1865
Jeschke, Harry Jewett|1873
Jewett, Sarah Orne|1849
John of Damascus, Saint|675
Johns, C. H. W. (Claude Hermann Walter)|1857
Johns, Cecil Starr|NULL
Johnson, A. H. (Arthur Henry)|1845
Johnson, Owen|1878
Johnson, R. (Richard)|1733
Johnson, Richard|1755
Johnson, Samuel|1709
Johnson, V. E. (Valentine Edward)|NULL
Johnson, William Hallock|1865
Johnson, Willis Fletcher|1857
Johnston, Annie F. (Annie Fellows)|1863
Johnston, Arthur|1778
Johnston, David E. (David Emmons)|1845
Johnston, Edward|1872
Johnston, Harold Whetstone|1859
Johnston, Harry|1858
Johnston, Mary|1870
Johnstone, Arthur|1861
Johnstone, James Johnstone, chevalier de|1719
Jones, Bence|1814
Jones, Daniel W. (Daniel Webster)|1830
Jones, H. A. (Henry Albert)|1893
Jones, John|1774
Jones, Neil R.|1909
Jones, Rufus M. (Rufus Matthew)|1863
Jones, U. J. (Uriah James)|1818
Jones, Walter|NULL
Jones, William, F.S.A.|NULL
Jonson, Ben|NULL
Jope-Slade, Christine|NULL
Jordan, Charles L.|1872
Jordan, David Starr|1851
Jordan, Elizabeth Garver|1867
Joyce, P. W. (Patrick Weston)|1827
Judson, Clara Ingram|1879
Julian, Emperor of Rome|331
Kant, Immanuel|1724
Karasowski, Maurycy|1823
Karn, Esther Nelson|NULL
Karr, Elizabeth|NULL
Kauffman, Reginald Wright|1877
Kearton, Richard|1862
Keary, Annie|1825
Keene, Charles|1823
Keese, William L. (William Linn)|1835
Keightley, Thomas|1789
Keim, Albert|1876
Kelland, Clarence Budington|1881
Keller, Elizabeth Leavitt|1839
Kellogg, Frederic B.|NULL
Kellogg, J. J. (John Jackson)|1837
Kellogg, Samuel H. (Samuel Henry)|1839
Kellogg, Vernon L. (Vernon Lyman)|1867
Kelsey, Charles E.|NULL
Kendall, Ralph S. (Ralph Selwood)|1878
Kendrick, A. F. (Albert Frank)|1872
Kennedy, Sinclair|NULL
Kenrick, W. (William)|NULL
Kent, Charles Foster|1867
Kent, Elizabeth|1875
Kent, Rockwell|1882
Kenyon, E. C. (Edith C.)|NULL
Ker, David|1842
Kerlin, Robert Thomas|1866
Kickapoo Club|NULL
Kieffer, Henry Martyn|1845
Kildare, Owen|1864
Killigrew, Anne|1660
Kimball, Heber C. (Heber Chase)|1801
Kincaid, J. (John)|1787
King, Alfred Castner|1873
King, Basil|1859
King, Bolton|1860
Kingsley, Florence Morse|1859
Kingsley, Henry|1830
Kingston, Charles|NULL
Kingston, William Henry Giles|1814
Kinne, Helen|1861
Kipling, John Lockwood|1837
Kipling, Rudyard|1865
Kirby, William|1759
Kirkham, Stanton Davis|1868
Kirkland, Winifred Margaretta|1872
Kirkwood, Daniel|1814
Kirwan, Thomas|1829
Kitchiner, William|NULL
Kite, Elizabeth Sarah|1864
Kitton, Frederic George|1856
Kjelgaard, Jim|1910
Klein, William Livingston|1851
Knerr, M. E. (Michael E.)|1936
Knight, E. F. (Edward Frederick)|1852
Knight, Francis A. (Francis Arnold)|1852
Knight, Landon|NULL
Knight, Sherwood Sweet|1876
Knights, Arthur E.|NULL
Knott, Laura A. (Laura Anna)|NULL
Knowles, Mabel Winifred|1875
Knox, John|NULL
Knox, Thomas Wallace|1835
Kobbé, Gustav|1857
Koch, Theodore Wesley|1871
Kock, Paul de|1793
Koebel, W. H. (William Henry)|1872
Kohn, Eugene|1887
Konody, Paul G. (Paul George)|1872
Kornbluth, C. M. (Cyril M.)|1923
Kouns, Nathan C. (Nathan Chapman)|1833
Kroeber, A. L. (Alfred Louis)|1876
Kropotkin, Petr Alekseevich, kniaz|1842
Krutzsch, Philip H. (Philip Henry)|1919
Kuprin, A. I. (Aleksandr Ivanovich)|1870
Kyle, George A. (George Alexander)|1872
König, Paul|1867
L'Estrange, Roger, Sir|1616
La Farge, John|1835
La Fayette, Madame de (Marie-Madeleine Pioche de La Vergne)|1634
La Varre, William|1898
Laclos, Choderlos de|1741
Lacock, John Kennedy|NULL
Lagerlöf, Selma|1858
Laidlaw, George Frederick|1871
Laing, S. (Samuel)|1812
Lajpat Rai, Lala|1865
Lake, Simon|1866
Lala, Ramon Reyes|NULL
Lamb, Charles|1775
Lamb, Mary|1764
Lambley, K. Rebillon (Kathleen Rebillon)|NULL
Lambourne, Alfred|NULL
Lamon, Ward Hill|1828
Lamplough, Edward|NULL
Lamson, J. (Joseph)|NULL
Lane, Charles Henry|NULL
Lane, Edward William|1801
Lane, Franklin K.|1864
Lane, John, Mrs.|NULL
Lane, Rose Wilder|1886
Lang, Andrew|1844
Lang, Jean|1867
Lang, John|1816
Lang, Mrs.|NULL
Lang, T. B. (Thomas Bamford)|1820
Langbaine, Gerard|1656
Lange, D. (Dietrich)|1863
Langland, William|NULL
Langworthy, Daniel Avery|1832
Lantz, David E. (David Ernest)|1855
Lanzi, Luigi|1732
Lardner, Dionysius|1793
Larned, W. T. (William Trowbridge)|NULL
Larwood, Jacob|1827
Lasker, Edward|1885
Latham, R. G. (Robert Gordon)|1812
Lathrop, David|NULL
Lathrop, George Parsons|1851
Latimer, Charles|1827
Lauridsen, Peter|1846
Lavell, Edith|NULL
Law, Ernest|1854
Lawrence, Amos|1786
Lawrence, D. H. (David Herbert)|1885
Lawrence, John|1824
Lawrence, Josephine|NULL
Laymon, Hermon Basil|1888
Le Blond, Aubrey, Mrs.|NULL
Le Bon, Gustave|1841
Le Fanu, Joseph Sheridan|1814
Le Gallienne, Richard|1866
Le Queux, William|1864
Le Rossignol, James Edward|1866
Le Sueur, Gordon|1874
Lea, Henry Charles|1825
Leach, Henry|1874
Leach, Orville Livingston|NULL
Leacock, Stephen|1869
Leaming, Thomas|1858
Leamy, Edmund|1848
Lear, Edward|1812
Leask, W. Keith (William Keith)|1857
Lebert, Marie|NULL
Leblanc, Maurice|1864
LeConte, Joseph|1823
LeCron, Helen Cowles|1886
Lee, Edmund|NULL
Lee, Henry, M.D.|1817
Lee, Henry|1826
Lee, Jennette|1860
Lee, W. L. Melville (William Lauriston Melville)|1865
Leech, John|1817
Lehigh Coal and Navigation Company|NULL
Leigh, Percival|1813
Leighton, Alexander|1800
Leinster, Murray|1896
Leland, Charles Godfrey|1824
LeMaitre, W.|NULL
Lennox, William Pitt, Lord|1799
Leonard, Daniel|1740
Leonardo de Argensola, Bartolomé|1562
Leonardo, da Vinci|1452
Leroux, Gaston|1868
Leslie, Eliza|1787
Leslie, Madeline|1815
Lethaby, W. R. (William Richard)|1857
Levi|1844
Lewandowski, Maurice|NULL
Lewins, William|NULL
Lewis, Alfred Henry|1857
Lewis, Charles Lee|1886
Lewis, Dio|1823
Lewis, Isabel Martin|1881
Lewis, James|1863
Lewis, Sinclair|1885
Li, Bai|701
Libby, Walter|1867
Library of Congress. Copyright Office|NULL
Lichtenstein, Alfred|1889
Liddle, William, Mrs.|NULL
Liljencrantz, Ottilie A. (Ottilia Adelina)|1876
Limburg Brouwer, P. A. S. van (Petrus Abraham Samuel)|1829
Lincoln, Abraham|1809
Lincoln, Joseph Crosby|1870
Lind-af-Hageby, L. (Lizzy)|1878
Lindlahr, Henry|1862
Lindsay, A. D. (Alexander Dunlop)|1879
Lindsay, B.|NULL
Lindsay, Norman|1879
Lindsay, Thomas M. (Thomas Martin)|1843
Lindsay, Vachel|1879
Linebarger, Paul Myron Anthony|1913
Linnean Society of London|NULL
Linscott, Herbert B., Mrs.|NULL
Linton, E. Lynn (Elizabeth Lynn)|1822
Liszt, Franz|1811
Little, A. G. (Andrew George)|1863
Little, Archibald, Mrs.|1845
Livy|NULL
Lloyd, Hugh|NULL
Llull, Ramon|NULL
Locke, David Ross|1833
Locke, William John|1863
Lockhart, J. G. (John Gibson)|1794
Lockwine, Alexandra Agusta Guttman|1863
Lodge, Henry Cabot|1850
Loeb, Jacques|1859
Loftie, W. J. (William John)|1839
London, Jack|1876
Longfellow, Henry Wadsworth|1807
Longfellow, Marian|1849
Longstreet, Helen Dortch|NULL
Loomis, Charles Battell|1861
Loring, Caleb William|1819
Lorwin, Lewis L. (Lewis Levitzki)|1883
Loudon, Mrs. (Jane)|1807
Loudon, Mrs. (Margracia)|NULL
Louise, Princess of Belgium|1858
Lounsbery, Elizabeth|NULL
Love, George Thomas|NULL
Lovell, Robert|1774
Lowell, Percival|1855
Lowndes, Cecilia Selby|NULL
Lowndes, Marie Belloc|1868
Lucas, Frederick|NULL
Lucas, Joseph|NULL
Ludlow, James M. (James Meeker)|1841
Luther, Martin|1483
Luxemburg, Rosa|1871
Lyall, Mary Chase Mills|1879
Lyman, Henry M. (Henry Munson)|1835
Lyman, William Denison|1852
Lynde, Francis|1856
Lyons, A. Neil (Albert Neil)|1880
Lützow, Francis, hrabe|1849
M'Levy, James|NULL
Mabie, Hamilton Wright|1846
Mac Gregor, George|NULL
MacArthur, Margaret|NULL
Macaulay, Thomas Babington Macaulay, Baron|1800
Macauley, C. R. (Charles Raymond)|1871
Macbeth, Ann|NULL
MacClure, Victor|1887
MacDonald, Alexander|1878
MacDonald, Elizabeth Roberts|1864
Macdonald, Frederika|NULL
Macdonald, William|NULL
Macdonell, Arthur Anthony|1854
MacFall, Haldane|1860
MacFarlane, Charles|1799
MacFarlane, Peter Clark|1871
MacGillivray, Evan James|1873
MacGowan, Alice|1858
MacGrath, Harold|1871
MacGregor, John|1825
Machen, Arthur|1863
Machen, J. Gresham (John Gresham)|1881
Machray, Robert|1857
Mackall, Lawton|1888
Mackay, Isabel Ecclestone|1875
MacKenna, Robert William|1874
Mackenzie, Donald A. (Donald Alexander)|1873
Mackenzie, R. Shelton (Robert Shelton)|1809
Mackintosh, Charles Henry|1820
Macklin, Alys Eyre|NULL
Macklin, Charles|NULL
MacLane, Mary|1881
Maclaren, Alexander|1826
MacLaren, Gordon|NULL
Maclaren, Ian|1850
Macleod, Norman|1812
Macmillan &  Co.|NULL
Macnamara, T. J. (Thomas James)|1861
Macquer, Pierre Joseph|1718
Macquoid, Katharine S. (Katharine Sarah)|1824
MacRitchie, David|1851
MacRory, Joseph|1861
Macy, William Hussey|1826
Madison, James|1751
Maeterlinck, Maurice|1862
Magnus, Hugo|1842
Mahaney, Margaret|NULL
Maher, Richard Aumerle|1880
Maher, Zena A.|NULL
Maillard, Annette Marie|NULL
Maimon, Solomon|1754
Maire, F. (Frederick)|NULL
Majors, Alexander|1814
Malatesta, Errico|1853
Malet, Lucas|1852
Malham-Dembleby, John|NULL
Malte-Brun, Conrad|1775
Malthus, T. R. (Thomas Robert)|1766
Mangasarian, M. M. (Mangasar Mugurditch)|1859
Mangin, Arthur|1824
Manning, Anne|1807
Manning, Emmerson Wain|NULL
Manning, Frederic|1882
Manningham, John|NULL
Mansfield, Katherine|1888
Mansfield, M. F. (Milburg Francisco)|1871
Manucy, Albert C.|NULL
Marchmont, Arthur W.|1852
Marcosson, Isaac Frederick|1876
Marden, Orison Swett|1848
Marie Adelaide, of Savoy, Duchess of Burgundy|1685
Marie, de France, active 12th century|NULL
Marie, Queen, consort of Ferdinand I, King of Romania|1875
Markham, Albert Hastings, Sir|1841
Markham, Clements R. (Clements Robert), Sir|1830
Marks, Harry F.|NULL
Marks, Jeannette Augustus|1875
Marlitt, E. (Eugenie)|1825
Marlowe, Christopher|1564
Marquis, Don|1878
Marr, J. E. (John Edward)|1857
Marsden, Samuel|1765
Marsh, Richard|1857
Marshall, Archibald|1866
Marshall, Charles Hunt|NULL
Marston, John|NULL
Marten, Edward Bindon|NULL
Martin, Annie, Mrs.|NULL
Martin, Benjamin Ellis|NULL
Martin, Everett Dean|1880
Martin, George Madden|1866
Martin, Helen Reimensnyder|1868
Martin, Minnie|NULL
Martin, Percy F. (Percy Falcke)|1861
Martineau, Harriet|1802
Martineau, James|1805
Martinek, Frank V. (Frank Victor)|1895
Martyn, Charles|1874
Martyn, Wyndham|1875
Mary-Lafon, Jean Bernard Lafon, called|1812
Masefield, John|1878
Maskelyne, John Nevil|1839
Mason, A. E. W. (Alfred Edward Woodley)|1865
Mason, Alfred Bishop|1851
Mason, Arthur|1876
Mason, James|NULL
Mason, Walt|1862
Massachusetts. General Court. Committee on Railways and Canals|NULL
Masten, V. M. (Vincent Myron)|NULL
Masters, Edgar Lee|1868
Mathews, Joanna H. (Joanna Hooe)|1849
Matthews, Albert|1860
Matthews, Franklin|1858
Matthews, Stanley R.|NULL
Matthews, W. H.|1882
Matz, B. W. (Bertram Waldrom)|1865
Mau, August|1840
Maugham, W. Somerset (William Somerset)|1874
Maule, Harry E. (Harry Edward)|1886
Maule, Mary K. (Mary Katherine)|1861
Maunder, E. Walter (Edward Walter)|1851
Maunsell, Robert|1810
Maurois, André|1885
Maxim, Hiram S. (Hiram Stevens)|1840
Maxim, Hudson|1853
Maxwell, Herbert, Sir|1845
Maxwell, J. (Joseph)|1858
Maxwell, James Clerk|1831
Maxwell, W. H. (William Hamilton)|1792
May, Florence|NULL
May, Sophie|1833
Mayer, J. E.|NULL
Mayhew, Edward|NULL
Maynard, C. J. (Charles Johnson)|1845
Mayo, Dermot Robert Wyndham Bourke, Earl of|1851
McAfee, Cleland Boyd|1866
McAlister, Hugh|NULL
McAuley, Mary Ethel|NULL
McCabe, Joseph|1867
McCall, D.|NULL
McCall, Sidney|NULL
McCarthy, Justin|1830
McClung, Nellie L.|1873
McConn, Max|1881
McCulley, Johnston|1883
McCutcheon, George Barr|1866
McDonald, N. A. (Noah A.)|NULL
McDougall, William|1871
McDowall, Stewart Andrew|1882
McElroy, John|1846
McGaffey, Ernest|1861
McIlhenny, Loyce J.|NULL
McIntosh, Maria J. (Maria Jane)|1803
McIntyre, J. Lewis (James Lewis)|1868
McIntyre, John Thomas|1871
McKenna, Stephen|1888
McKinney, Kate Slaughter|1857
McKnight, George Harley|1871
McKnight, Hiram Peck|NULL
McManus, Blanche|1869
McMurry, Lida B. (Lida Brown)|1853
McNeile, H. C. (Herman Cyril)|1888
McReynolds, Robert|1854
McSpadden, J. Walker (Joseph Walker)|1874
McWatters, George S.|NULL
Meacham, A. B. (Alfred Benjamin)|1826
Mead, Theodore H. (Theodore Hoe)|1837
Meade, L. T.|1854
Meadowcroft, Wm. H. (William Henry)|1853
Mears, James R.|NULL
Megrue, Roi Cooper|1883
Melville, Herman|1819
Melville, Velma Caldwell|NULL
Mendel, Florence Emma Voigt|1874
Menpes, Dorothy|NULL
Mercer, Henry C.|1856
Merchant, Ella|1846
Merchant, Thomas Edward|NULL
Merck & Co.|NULL
Meredith, George|1828
Merezhkovsky, Dmitry Sergeyevich|1865
Merivale, Herman Charles|1839
Merle d'Aubigné, J. H. (Jean Henri)|1794
Merrick, Caroline E. (Caroline Elizabeth)|1825
Merrick, Leonard|1864
Merry, William L. (William Lawrence)|1842
Merwin, Samuel|1874
Merwin, Sam|1910
Metchnikoff, Olga|NULL
Methley, Alice A.|NULL
Methuen & Co.|NULL
Meyer, Annie Nathan|1867
Meyers, Augustus|1841
Meynell, Everard|1882
Michelet, Jules|1798
Michelson, Miriam|1870
Michie, Alexander|1833
Mickley, Jeremiah Marion|NULL
Middleton, J. H. (John Henry)|1846
Middleton, Thomas C. (Thomas Cooke)|1842
Miles, Alfred H. (Alfred Henry)|1848
Millay, Edna St. Vincent|1892
Miller, Alex. McVeigh, Mrs.|1850
Miller, Charles Conrad|1880
Miller, David|1890
Miller, Delavan S.|NULL
Miller, Francis Trevelyan|1877
Miller, Gerrit S. (Gerrit Smith)|1869
Miller, Joaquin|1837
Miller, John Ormsby|1861
Miller, Madeleine S. (Madeleine Sweeny)|1890
Miller, Mary Rogers|1868
Miller, Olive Thorne|1831
Miller, Samuel|1769
Miller, Thomas|1807
Milligan, William|1821
Mills, Charles|1788
Mills, Enos A.|1870
Milman, Henry Hart|1791
Milne, John Stewart|1871
Milton, John|1608
Ministers and Elders of the London Provinciall Assembly|NULL
Minnigh, H. N. (Henry N.)|NULL
Mirbeau, Octave|1848
Mississippi Historical Society|NULL
Mitchell, C. Ainsworth (Charles Ainsworth)|1867
Mitchell, C. L. (Charles L.)|NULL
Mitchell, Lebbeus|1879
Mitchell, S. Weir (Silas Weir)|1829
Mitford, Edward Ledwich|NULL
Mitton, G. E. (Geraldine Edith)|1868
Mixson, Frank M.|1846
Mizner, Addison|1872
Moir, George|1800
Molesworth, Mrs.|1839
Mollard, John|NULL
Molnár, Ferenc|1878
Moncrieff, A. R. Hope (Ascott Robert Hope)|1846
Moncrieff, W. T. (William Thomas)|1794
Monier-Williams, Monier, Sir|1819
Monkhouse, Allan|1858
Monkhouse, W. Cosmo (William Cosmo)|1840
Monro, D. B. (David Binning)|1836
Montagu, Edward Wortley|1713
Montessori, Maria|1870
Montgolfier, Adélaïde de|1789
Montgomery, Frances Trego|1858
Montgomery, L. M. (Lucy Maud)|1874
Montrésor, F. F. (Frances Frederica)|NULL
Moodie, Susanna|1803
Mooney, James|1861
Moor, J. F. (John Frewen)|NULL
Moore, Clement Clarke|1779
Moore, Frank Frankfort|1855
Moore, George Foot|1851
Moore, George|1852
Moore, Harris W.|NULL
Moore, John Trotwood|1858
Moore, Nelle E.|NULL
Moore, Thomas|1779
Moorman, J. J. (John Jennings)|1802
Morey, Almira|1819
Morgan, J. H. (John Hartman)|1876
Morgan, John (John Hamilton)|1842
Morgan, Lewis Henry|1818
Morlae, Edward|NULL
Morley, Christopher|1890
Morley, John|1838
Morley, Sylvanus Griswold|1883
Morrey, Charles Bradfield|1869
Morris, Charles|1833
Morris, Gouverneur|1876
Morris, Joseph E. (Joseph Ernest)|NULL
Morris, Mowbray|1847
Morris, William|1834
Morrison, Arthur|1863
Morrison, Harry Steele|1880
Morrison, Marion|1821
Morse, Edward Sylvester|1838
Mortimore, D.|NULL
Morton, John Maddison|1811
Morton, Martha|1865
Morton, William A.|NULL
Mosby, John Singleton|1833
Moss, Arthur B.|1855
Mothersole, Jessie|NULL
Motley, John Lothrop|1814
Mouhot, Henri|1826
Moulton, Richard G. (Richard Green)|1849
Moulton, William U.|NULL
Mousley, Edward O. (Edward Opotiki)|1886
Moyer, Bess|NULL
Mozart, Wolfgang Amadeus|1756
Muir, Ramsay|1872
Mulford, Clarence Edward|1883
Mumford, John Kimberly|1863
Mundell, Frank|NULL
Mundy, Talbot|1879
Munford, Beverley B. (Beverley Bland)|1856
Munro, John|1849
Munro, Neil|1864
Munro, William Bennett|1875
Munroe, Kirk|1850
Munsell, Ida Hamilton|NULL
Munsell, Joel|1808
Murasaki Shikibu|1008
Murdoch, John|1852
Murison, Alexander Falconer|1847
Murphy, Thos. D. (Thomas Dowler)|1866
Murray, Andrew|1828
Murray, Gilbert|1866
Murray, Samuel|1865
Murray, Stewart Lygon|1863
Museum of History and Technology (U.S.)|NULL
Musick, John R. (John Roy)|1849
Musters, George C.|1841
Muther, Richard|1860
Mutzenberg, Charles Gustavus|1863
Muybridge, Eadweard|1830
Muñoz Escámez, José|NULL
Myddleton, W. H. (William Henry)|1873
Mérimée, Prosper|1803
Mücke, Hellmuth von|1881
Mühlbach, L. (Luise)|1814
Müller, F. Max (Friedrich Max)|1823
Naish, Ethel M.|NULL
Nalty, Bernard C.|1931
Nansen, Fridtjof|1861
Napoleon III, Emperor of the French|1808
Nasmyth, James|1808
National Conference on Workmen's Compensation for Industrial Accidents|NULL
National Research Council (U.S.). Ad Hoc Panel on On-line Computers in Nuclear Research|NULL
Neally, Amy|NULL
Nelson, William S.|NULL
Nerval, Gérard de|1808
Nesbit, E. (Edith)|1858
Nesbit, Hume|NULL
Neuhaus, Eugen|1879
Nevinson, Margaret Wynne|NULL
New York State College of Agriculture|NULL
New-York Historical Society|NULL
Newbigging, Thomas|1833
Newbigin, Marion I. (Marion Isabel)|1869
Newbolt, Henry John, Sir|1862
Newby, C. J., Mrs.|NULL
Newcomb, Ambrose|NULL
Newcomb, Simon|1835
Newman, Charles Robert|NULL
Newman, E. M. (Edward Manuel)|1870
Newman, Edward|1801
Newman, John Henry|1801
Newmarch, Rosa|1857
Newmark, Harris|1834
Newte, Horace W. C. (Horace Wykeham Can)|1870
Newton, A. Edward (Alfred Edward)|1864
Newton, Thomas Wodehouse Legh, Baron|1857
Niblo, George|NULL
Nicholson, Meredith|1866
Nicholson, William|1753
Nicolas, Nicholas Harris, Sir|1799
Niecks, Frederick|1845
Niendorff, John|NULL
Nietzsche, Friedrich Wilhelm|1844
Nilsson, Victor Alfred|1867
Nipote, Collodi|NULL
Nisbet, Hume|1849
Niven, Frederick|1878
Nixon, Oliver W. (Oliver Woodson)|1825
Nixon-Roulet, Mary F.|NULL
Noake, John|1816
Nock, Albert Jay|1872
Nordau, Max Simon|1849
Norrie, H. S.|NULL
Norris, Frank|1870
Norris, Kathleen Thompson|1880
North, Grace May|1876
North, Sterling|1906
Northup, Solomon|1808
Norton, Allen|NULL
Norton, Carol|1876
Norton, William Harmon|1856
Norway, G. (George)|NULL
Norway, Hamilton, Mrs.|NULL
Nott, Charles C.|1827
Nourse, Alan Edward|1928
Nourse, Charles Clinton|1829
Noyes, Alfred|1880
Noël Hume, Ivor|NULL
Nutt, Alfred Trübner|1856
Núñez Cabeza de Vaca, Alvar, active 16th century|NULL
O'Brien, Henry|1808
O'Brien, Pat|NULL
O'Brien, William|1852
O'Donnell, Elliott|1872
O'Donoghue, Power, Mrs.|1858
O'Malley, Austin|1858
O'Meara, James|1825
O'Neale, Lila M. (Lila Morris)|1886
O'Neill, Eugene|1888
O'Shaughnessy, Edith|1870
Ober, Frederick A. (Frederick Albion)|1849
Okey, Thomas|1852
Old Sleuth|1837
Oldham, Thomas|NULL
Oldmeadow, Ernest|1867
Oliphant, Mrs. (Margaret)|1828
Olmsted, Denison|1791
Oman, Charles|1860
Omond, George W. T. (George William Thomson)|1846
Onions, Oliver|1873
Opie, Amelia|1769
Oppenheim, E. Phillips (Edward Phillips)|1866
Oppenheim, L. (Lassa)|1858
Optic, Oliver|1822
Orchard, W. E. (William Edwin)|1877
Orczy, Emmuska Orczy, Baroness|1865
Ordonneau, Maurice|1854
Oregon Historical Society|NULL
Orr, Lyndon|NULL
Osborn, Henry Fairfield|1857
Osbourne, Lloyd|1868
Ostrander, Stephen M.|NULL
Ostwald, Wilhelm|1853
Otis, Charles Herbert|1886
Otis, James|1848
Otway, Thomas|1652
Ouida|1839
Outram, Mary Frances|NULL
Oxenford, John|1812
Ozaki, Yei Theodora|NULL
Packard, Robert L. (Robert Lewis)|1928
Page, C. E. (Charles Edward)|1840
Page, Thomas Nelson|1853
Paget, Stephen|1855
Pain, Barry|1864
Paine, Albert Bigelow|1861
Palmer, Joel|1810
Palmer, Ray|1910
Panache, Madame|1789
Pansy|1841
Paoli, Xavier|1835
Pardo Bazán, Emilia, condesa de|1852
Paris, John Ayrton|1785
Parish, Woodbine, Sir|1796
Park, Roswell|1852
Parker, Gilbert|1862
Parker, Louis Napoleon|1852
Parkes, William Theodore|NULL
Parkin, George R. (George Robert)|1846
Parkman, Francis|1823
Parkman, Mary Rosetta|1875
Parlette, Ralph Albert|1870
Parry, Edwin F.|1860
Parsons, Frances Theodora|1861
Parsons, Francis|1871
Partington, S. W.|NULL
Parton, James|1822
Pascal, Blaise|1623
Patchin, Frank Gee|1861
Pater, Walter|1839
Patmore, Coventry|1823
Pattee, Fred Lewis|1863
Patterson, Alexander|NULL
Patterson, J. H. (John Henry)|1867
Patterson, John|NULL
Patterson, Mabel|NULL
Paul, Alexander (Instructor in feather dyeing)|NULL
Paxson, Frederic L. (Frederic Logan)|1877
Paxton, J. D. (John D.)|1784
Payne, William Morton|1858
Peabody, Frederick William|1862
Peacock, Virginia Tatnall|1873
Peake, Harold|1867
Peard, Frances Mary|1835
Pearse, Mark Guy|1842
Pearson, Edmund Lester|1880
Pease, Howard|1863
Peek, Hedley|1858
Peeke, Hewson L. (Hewson Lindsley)|1861
Peel, Robert|1861
Peele, John (John R.)|NULL
Peery, R. B. (Rufus Benton)|1868
Pegge, Samuel|1704
Pegler, Ernest Charles|NULL
Pelham, Camden|NULL
Pemberton, Max|1863
Pemberton, T. Edgar (Thomas Edgar)|1849
Pena, Carlos María de|1852
Penn, William|1644
Pennell, Elizabeth Robins|1855
Pennell, Joseph|1857
Pennsylvania. General Assembly. Committee Appointed to Investigate the Railroad Riots in July, 1877|NULL
Penrose, Charles W. (Charles William)|1832
Penrose, Margaret|NULL
Peple, Edward|1869
Pepper, John Henry|1821
Pepys, Samuel|1633
Perkins, Lucy Fitch|1865
Perrault, Charles|1628
Perrie, George W.|NULL
Perry, Arthur Latham|1830
Perry, Edward Baxter|1855
Persons, Helen M.|NULL
Petersen, Louis Christian|1878
Peterson, Hannah Mary (Bouvier)|NULL
Phelips, Vivian|1860
Phillimore, Lucy|NULL
Phillipps, Evelyn March|NULL
Phillipps-Wolley, Clive|NULL
Phillips, Carleton J.|NULL
Phillips, David Graham|1867
Phillips, Mary Elizabeth|1857
Phillpotts, Eden|1862
Philpot, J. H., Mrs.|NULL
Pichatty de Croislainte|NULL
Pickert, Charles|NULL
Pierotti, Ermete|NULL
Pierson, Clara Dillingham|NULL
Pierson, William Whatley, Jr.|1890
Pike, H. Lee M. (Henry Lee Mitchell)|1865
Pike, James|1834
Pike, Warburton|1861
Pike, Zebulon Montgomery|1779
Pilling, William|1834
Pinero, Arthur Wing|1855
Piper, John J.|NULL
Pirandello, Luigi|1867
Pissarro, Lucien|1863
Pitrat, John Claudius|NULL
Pitt-Rivers, Augustus Henry Lane-Fox|1827
Platt, Mary Schauffler|1868
Platts, John|1775
Pleon, Harry|NULL
Plotinus|204
Plutarch|46
Pocock, Roger|1865
Poe, Edgar Allan|1809
Polkinghorne, M. I. R. (Mabel Irene Rutherford)|NULL
Pollard, Alfred W. (Alfred William)|1859
Pollock, Channing|1880
Polly, Jean Armour|NULL
Pool, Maria Louise|1841
Poole, Reginald Lane|1857
Pope, Alexander|1688
Porges, Arthur|1915
Porter, Eleanor H. (Eleanor Hodgman)|1868
Porter, Henry, M. D.|1831
Porter, Horace|1863
Porter, James A.|1836
Porter, Jane|1776
Porter, Rebecca N. (Rebecca Newman)|1883
Porter, Robert P. (Robert Percival)|1852
Postnikov, Fedor Alexis|1872
Potter, Beatrix|1866
Potter, Olave M. (Olave Muriel)|NULL
Poulsson, Emilie|1853
Pound, Ezra|1885
Powell, Van|NULL
Power, D'Arcy, Sir|1855
Powers, Lee L.|1828
Praed, Campbell, Mrs.|1851
Prakashananda, Swami|1874
Pratt, Edwin A.|1854
Pratt, Fletcher|1897
Pratt, Orson|1811
Pratt, Parley P. (Parley Parker)|1807
Pratt, William Edwin|NULL
Prentice, Sartell|1867
Preston, Sydney Herman|1858
Price, George McCready|1870
Prichard, Hesketh Vernon Hesketh|1876
Prime, Samuel Irenæus|1812
Prindle, Edwin J. (Edwin Jay)|1868
Pritchett, R. T. (Robert Taylor)|1828
Proffatt, John|1845
Proudhon, P.-J. (Pierre-Joseph)|1809
Provost, Maxime|NULL
Pryor, Sara Agnes Rice|NULL
Pu, Songling|1640
Puddefoot, William George|1842
Pulitzer, Ralph|1879
Punnett, Reginald Crundall|1875
Pushkin, Aleksandr Sergeevich|1799
Putnam, G. R. (George Rockwell)|1865
Putnam, Nina Wilcox|1888
Pycraft, W. P. (William Plane)|1868
Pyke, William T. (William Thomas)|NULL
Pyle, Howard|1853
Pyle, Joseph Gilpin|1853
Pyle, Katharine|1863
Pym, Horace N.|NULL
Pyrnelle, Louise Clarke|1850
Quaritch, Bernard|1819
Quatrelles|1826
Queirós, Pedro Fernandes de|NULL
Quevedo, Francisco de|1580
Quick, Herbert|1861
Quilter, Harry|1851
Quincy, John|1629
Quinn, S. J. (Silvanus Jackson)|1837
Quirk, Leslie W.|1882
Quiroga, Horacio|1878
R. H.|1609
Raabe, Wilhelm|1831
Radcliffe, John Netten|1826
Radford, Ruby Lorraine|1891
Rae, Janet Milne|1844
Raine, William MacLeod|1871
Rait, Robert S. (Robert Sangster)|1874
Ralphson, G. Harvey (George Harvey)|1879
Ramsay, Allan|1686
Rand, Edward A. (Edward Augustus)|1837
Randall, F. J. (Frederick John)|1872
Randolph, Helen|NULL
Randolph, Paschal Beverly|1825
Randolph, Sarah N. (Sarah Nicholas)|1839
Rankin, Carroll Watson|1870
Ransome, Arthur|1884
Rath, E. J.|NULL
Rathborne, St. George|1854
Rathgen, Friedrich|1862
Ray, T. B. (T. Bronson)|1868
Raymond, Evelyn|1843
Raymond, P. T.|NULL
Raymond, Percy E. (Percy Edward)|1879
Reach, Angus B. (Angus Bethune)|1821
Read, Opie Percival|1852
Read, Thomas Buchanan|1822
Reade, Arthur|NULL
Reade, Charles|1814
Reber, Franz von|1834
Redgrove, H. Stanley (Herbert Stanley)|1887
Reed, Charles K. (Charles Keller)|1851
Reed, Chester A. (Chester Albert)|1876
Reed, Edward Tennyson|1860
Reed, John|1887
Reed, Myrtle|1874
Rees, Byron J. (Byron Johnson)|1877
Regnard, Jean François|1655
Reid, F. A. S. (Francis Andrew Spilsbury)|NULL
Reilly, S. A.|NULL
Religious Tract Society (Great Britain)|NULL
Remington, Frederic|1861
Remsburg, John E. (John Eleazer)|1848
Renan, Ernest|1823
Renard, Georges François|1847
Rennie, James|1787
René, J. Adelard (Joseph Adelard)|1868
Revell, James|NULL
Rexford, Eben E. (Eben Eugene)|1848
Reynolds, Baillie, Mrs.|NULL
Reynolds, Joshua, Sir|1723
Reynolds, Mack|1917
Reynolds, Robert Rice|1884
Reynolds, Sidney H. (Sidney Hugh)|1867
Rhead, G. Woolliscroft (George Woolliscroft)|1854
Rhoads, Samuel N. (Samuel Nicholson)|1862
Rice, Alice Caldwell Hegan|1870
Rice, Cale Young|1872
Rice, Franklin P. (Franklin Pierce)|1852
Rice, George Graham|NULL
Richard, Margaret A. (Margaret Alice)|1870
Richards, Alice Lewis|NULL
Richards, Bernard G.|NULL
Richards, Clarice E.|NULL
Richards, Laura Elizabeth Howe|1850
Richardson, Albert D. (Albert Deane)|1833
Richardson, James (Geologist)|NULL
Richardson, Major (John)|1796
Richardson, Merrick Abner|1841
Richardson, Norval|1877
Richardson, Rufus B. (Rufus Byam)|1845
Richardson, Russell|1881
Richmond, Grace S. (Grace Smith)|1866
Richthofen, Manfred, Freiherr von|1892
Rickard, Jessie Louisa Moore|1879
Ridge, Lola|1873
Ridgway, John L.|1859
Rigby, Edward|1804
Riggs, Arthur Stanley|1879
Riggs, Stephen Return|1812
Rihbany, Abraham Mitrie|1869
Riis, Jacob A. (Jacob August)|1849
Riley, B. F. (Benjamin Franklin)|1849
Riley, James Whitcomb|1849
Rilke, Rainer Maria|1875
Rinder, Frank|1865
Rinehart, Mary Roberts|1876
Ritchie, Robert Welles|1879
Ritson, Mrs. (Anne)|NULL
Rivers, W. H. R. (William Halse Rivers)|1864
Rives, Hallie Erminie|1876
Roarke, Jesse|NULL
Robb, John S.|NULL
Robert-Houdin, Jean-Eugène|1805
Roberts, B. H. (Brigham Henry)|1857
Roberts, Charles G. D., Sir|1860
Roberts, David|1757
Roberts, Edmund|1784
Roberts, F. A.|NULL
Roberts, James A. (James Arthur)|1847
Roberts, Mary|1788
Roberts, Morley|1857
Roberts, S. C. (Sydney Castle)|1887
Robertson, J. M. (John Mackinnon)|1856
Robertson, Keith|1914
Robin, Ralph|1914
Robins, Elizabeth|1862
Robinson, Edwin Arlington|1869
Robinson, Henry|1872
Robinson, Humphrey|NULL
Robinson, John|1846
Robinson, W. (William)|1838
Roche, Arthur Somers|1883
Roche, James Jeffrey|1847
Rochester, John Wilmot, Earl of,|1647
Rockwood, Roy|NULL
Rogers, Julia Ellen|1866
Rogers, Mary Cochrane|1869
Rogers, Robert W. (Robert Wells)|1873
Rogers, Woodes|NULL
Rohmer, Sax|1883
Rolleston, T. W. (Thomas William)|1857
Rolt-Wheeler, Francis|1876
Romanes, George John|1848
Root, Esther Sayles|NULL
Rose, Augustus F. (Augustus Foster)|1873
Rosegger, Peter|1843
Rosen, Erwin|1876
Ross, Albert|1851
Ross, Andrew|NULL
Ross, Charles H. (Charles Henry)|NULL
Ross, Frederick|1816
Ross, J. Elliot (John Elliot)|1884
Ross, Percy|NULL
Rostand, Edmond|1868
Roth, Louis M. (Louis Marcus)|1918
Roth, Rodris|NULL
Rothschild, Lionel Walter Rothschild, Baron|1868
Rouse, Lydia L.|NULL
Routledge, C. F. (Charles Francis)|1838
Row, C. A. (Charles Adolphus)|1816
Rowland, Albert Lindsay|1882
Rowlandson, Mary White|1737
Roy, Lillian Elizabeth|1868
Royce, Charles C.|1845
Royle, Charles|1882
Ruch, Monroe K.|NULL
Ruffner, William Henry|1824
Rule, Philip M.|NULL
Ruskin, John|1819
Rusling, James Fowler|1834
Russell, Bertrand|1872
Russell, C. T. (Charles Taze)|1852
Russell, Dora|1830
Russell, George William Erskine|1853
Russell, John Russell, Earl|1792
Russell, R. V. (Robert Vane)|1873
Russell, Robert J.|NULL
Russell, William Clark|1844
Russell, William Howard, Sir|1820
Russell, William|NULL
Ruxton, George Frederick Augustus|1820
Ryan, Charles Edward|NULL
Ryan, John A. (John Augustine)|1869
Récy, Georges de|NULL
S. W. Partridge & Co. (London, England)|NULL
S., A. P. I. (Samuels, Arthur Purefoy Irwin)|NULL
Sager, Matilda|1839
Saki|1870
Salant, William|1886
Saleeby, C. W. (Caleb Williams)|1878
Saleeby, Najeeb M. (Najeeb Mitry)|1870
Salmon, Arthur L. (Arthur Leslie)|1865
Saltus, Edgar|1855
Saltykov, Mikhail Evgrafovich|1826
Salzman, L. F. (Louis Francis)|1878
Samuel, Horace Barnett|1883
Samuelson, L. H.|NULL
Sanborn, Alvan F. (Alvan Francis)|1866
Sanborn, Kate|1839
Sanders, Helen Fitzgerald|1883
Sanderson, Margaret Love|NULL
Sandes, John|1863
Sandham, Elizabeth|NULL
Sanger, William W.|1819
Santayana, George|1863
Santos-Dumont, Alberto|1873
Sappho|NULL
Sargent, Antony|NULL
Sargent, Charles Sprague|1841
Sassoon, Siegfried|1886
Satow, Ernest Mason|1843
Saunders, Marshall|1861
Savage, Arthur Dekker|NULL
Savery, Thomas|NULL
Sawyer, Edith A. (Edith Augusta)|1869
Saxe, Mary S. (Mary Sollace)|1868
Say, Thomas|1787
Sayce, A. H. (Archibald Henry)|1845
Sayre, Theodore Burt|1874
Scarborough, Dorothy|1878
Scargill, William Pitt|1787
Schechter, S. (Solomon)|1847
Scheltema, J. F. (Johann Friedrich )|1855
Schenk, Samuel Leopold|1840
Schlegel, Friedrich von|1772
Schlesinger, Max|1822
Schmeckebier, Laurence Frederick|1877
Schnitzler, Arthur|1862
Schoenhofer, Savina O'Bryan|NULL
Schoolcraft, Henry Rowe|1793
Schoonmaker, Edwin Davies|1873
Schopenhauer, Arthur|1788
Schreiner, George Abel|NULL
Schuler, Phillip F. E. (Frederick Edward)|1879
Schultz, James Willard|1859
Schwegler, Albert|1819
Schweitzer, Albert|1875
Schwink, Otto|NULL
Scott, C. Rochfort‏ (Charles Rochfort)|1790
Scott, Charles Augustus|1830
Scott, Ernest, Sir|1868
Scott, Evelyn|1893
Scott, Greenwood & Co.|NULL
Scott, John Reed|1869
Scott, John Robert|NULL
Scott, Leader|1837
Scott, Leroy|1875
Scott, Michael|1789
Scott, Morgan|NULL
Scott, Walter|1771
Scoville, Samuel|1872
Scudder, Horace Elisha|1838
Sealsfield, Charles|1793
Searight, Thomas B. (Thomas Brownfield)|NULL
Searle, Alfred B. (Alfred Broadhead)|1877
Seawell, Molly Elliot|1860
Sedgwick, Anne Douglas|1873
Seebohm, Frederic|1833
Seeley, Richmond|1829
Seelye, Edward Eli|1819
Seiffert, Marjorie Allen|1885
Seiler, Emma|1821
Seklemian, A. K.|NULL
Selmer, Louis|NULL
Semple, Elizabeth, active 1804-1816|NULL
Seneca, Lucius Annaeus|NULL
Senefelder, Alois|1771
Sepharial|1864
Serao, Matilde|1856
Serjeant, Constancia|NULL
Serkoff, Vera, Countess|NULL
Sessions, Frederick|NULL
Seton, Ernest Thompson|1860
Setzer, Henry W.|NULL
Seymour, St. John D. (St. John Drelincourt)|NULL
Shakespeare (spurious and doubtful works)|1564
Shakespeare, William|1564
Shaler, Robert|NULL
Sharber, Kate Trimble|1883
Sharkey, Jack|1931
Sharp, Dallas Lore|1870
Sharp, Evelyn|1869
Sharp, William|1855
Shaw, Bernard|1856
Shaw, Leslie M. (Leslie Mortier)|1848
Shea, Cornelius|1863
Shearman, Sumner U. (Sumner Upham)|1839
Shedd, E. Cutler (Ephraim Cutler)|NULL
Shedlock, Kaye M.|1919
Sheldon, Charles M.|1857
Shell Union Oil Corporation|NULL
Shelley, Mary Wollstonecraft|1797
Shelley, Percy Bysshe|1792
Shepard, Edward Morse|1850
Shepherd, C. K.|NULL
Sheppard, Elizabeth Sara|1830
Sheppard, W. Crispin (William Crispin)|1871
Sherer, Moyle|1789
Sheridan, Frances Chamberlaine|1724
Sheridan, Philip Henry|1831
Sherman, Charles|1882
Sherman, Francis|1871
Sherman, Harold M. (Harold Morrow)|1898
Sherman, William T. (William Tecumseh)|1820
Shervill, W. P.|NULL
Sherwood, E. Hugh|NULL
Sherwood, M. E. W. (Mary Elizabeth Wilson)|1826
Sherwood, Margaret Pollock|1864
Shiel, M. P. (Matthew Phipps)|1865
Shirley, James|1596
Shoberl, Frederic|1775
Shoemaker, Henry W.|1880
Shoemaker, Michael Myers|1853
Shorthouse, J. H. (Joseph Henry)|1834
Shriner, Charles A. (Charles Anthony)|1853
Sidney, Margaret|1844
Sienkiewicz, Henryk|1846
Sieveking, I. Giberne (Isabel Giberne)|NULL
Sills, Steven David Justin|NULL
Simms, William Gilmore|1806
Simonds, William Day|1855
Sims, John|1749
Sinclair, Catherine|1800
Sinclair, Upton|1878
Sindall, R. W. (Robert Walter)|NULL
Sindelar, Joseph C. (Joseph Charles)|1885
Singmaster, Elsie|1879
Sinks, Perry Wayland|NULL
Skanchy, Anthon L. (Anthon Lornsen)|1839
Skinner, John|1851
Slater, J. Herbert (John Herbert)|1854
Slatin, Rudolf Carl, Freiherr von|1857
Slauson, Harold Whiting|NULL
Sleeman, Charles William|NULL
Sleffel, Charles Conrad|NULL
Sleigh, W. W. (William Willcocks)|1796
Sloan, John A. (John Alexander)|1839
Slosson, Edwin E. (Edwin Emery)|1865
Smiles, Samuel|1812
Smith, Alexander|NULL
Smith, C. E.|NULL
Smith, Charles H. (Charles Henry)|1861
Smith, Charlotte|1749
Smith, E. Boyd (Elmer Boyd)|1860
Smith, E. E. (Edward Elmer)|1890
Smith, Erminnie A. (Erminnie Adele)|1836
Smith, Evelyn E.|1922
Smith, F. Berkeley (Frank Berkeley)|1869
Smith, Francis Hopkinson|1838
Smith, Frank L.|NULL
Smith, Geoffrey Bache|1894
Smith, George Adam|1856
Smith, Goodwin Brooke|1870
Smith, Harlan Ingersoll|1872
Smith, Harriet L. (Harriet Lummis)|NULL
Smith, Harry James|1880
Smith, Joseph F. (Joseph Fielding)|1838
Smith, Joseph Fielding|1876
Smith, Joseph, Jr.|1805
Smith, Justin Harvey|1857
Smith, Laurence Yard|NULL
Smith, Logan Pearsall|1865
Smith, Lucy|1775
Smith, Norman Kemp|1872
Smith, Philip Vernon|1845
Smith, Richard Rein|1930
Smith, Ruel Perley|1869
Smollett, T. (Tobias)|1721
Smyth, Clifford|1866
Smyth, H. Warington (Herbert Warington)|1867
Snell, Roy J. (Roy Judson)|1878
Snow, Charles H. (Charles Henry)|1863
Snow, Eliza R. (Eliza Roxey)|1804
Snow, Erastus Fairbanks|1818
Soley, James Russell|1850
Solomon, Steve|1942
Somadeva Bhatta, active 11th century|NULL
Somerville, Charles|NULL
South, Richard|NULL
Southey, Robert|1774
Southworth, Gertrude Van Duyn|1874
Southworth, May E. (May Elizabeth)|NULL
Sowerby, G. B. (George Brettingham)|1812
Soyer, Alexis|1809
Spearman, Frank H. (Frank Hamilton)|1859
Speck, Frank G. (Frank Gouldsmith)|1881
Speed, Nell|1878
Spence, Catherine Helen|1825
Spence, Lewis|1874
Spence, William|1783
Spencer, Edward|1844
Spencer, Herbert|1820
Spencer, Orson|1802
Spindler, Karl|1887
Spink, Henry|NULL
Spohr, Louis|1784
Spon, Ernest|NULL
Spurgeon, C. H. (Charles Haddon)|1834
Spurr, Josiah Edward|1870
Spyri, Johanna|1827
St. John de Crèvecoeur, J. Hector|1735
St. John, Thomas M. (Thomas Matthew)|1865
St. Johnston, Alfred|NULL
Stables, Gordon|1840
Stacpoole, William Henry|NULL
Staley, Edgcumbe|1845
Standish, Burt L.|1866
Stanfield, James Field|NULL
Stanley, Henry M. (Henry Morton)|1841
Stannus, Graydon, Mrs.|NULL
Starr, Ida May Hill|1859
Starzl, Roman Frederick|1899
Statham, Edward Phillips|NULL
Stauffer, Frank H.|1832
Stawell, Rodolph, Mrs.|NULL
Staël, Madame de (Anne-Louise-Germaine)|1766
Stearns, Charles (Abolitionist)|NULL
Stearns, Samuel|1741
Stecher, Gilbert Erwin|1883
Steel, Flora Annie Webster|1847
Steiner, Edward Alfred|1866
Steinmetz, Andrew|1816
Stendhal|1783
Step, Edward|1855
Stephen, Leslie|1832
Stephens, Ann S. (Ann Sophia)|1810
Stephens, H. Morse (Henry Morse)|1857
Stephens, Henry|1883
Stephens, James|1882
Stephenson, James H.|NULL
Stephenson, William B.|1880
Stern, G. B. (Gladys Bronwyn)|1890
Sterrett, Frances R. (Frances Roberta)|1869
Stetson, James B. (James Burgess)|1832
Stevens, Augusta de Grasse|1852
Stevens, C. M. (Charles McClellan)|1861
Stevens, Hazard|1842
Stevenson, Robert Louis|1850
Stewart, A. A. (Alexander A.)|NULL
Stewart, Caroline Taylor|NULL
Stine, Thomas Ostenson|NULL
Stirling, Willam|NULL
Stobart, M. A. (Mabel Annie)|1862
Stockley, Cynthia|1883
Stockton, Frank Richard|1834
Stoddard, Charles Warren|1843
Stoddard, William Osborn|1835
Stoker, Bram|1847
Stokes, George Thomas|1843
Stone, A.|NULL
Stone, J. M. (Jean Mary)|1853
Stopes, Marie Carmichael|1880
Stow, John|NULL
Stowe, Harriet Beecher|1811
Strang, Herbert|NULL
Strange, Edward Fairbrother|1862
Stratemeyer, Edward|1862
Stratton-Porter, Gene|1863
Straus, Ralph|1882
Stredder, Eleanor|NULL
Street, George Edmund|1824
Strickland, Agnes|1796
Strickland, Elisabeth|1794
Striker, Fran|1903
Strindberg, August|1849
Stringer, Arthur|1874
Strong, Augustus Hopkins|1836
Strong, Grace Cooke|NULL
Strunsky, Simeon|1879
Stuart, Esmè|1851
Stuart, Gordon (Adventure story writer)|NULL
Stubbs, Charles William|1845
Sturgeon, Mary C.|NULL
Sturt, Charles|1795
Sturt, George|1863
Sullivan, Alan|1868
Sumner, Charles|1811
Sun, Yat-sen|1866
Surtees, Robert Smith|1805
Sutcliffe, Halliwell|1870
Sutton, Jeff|1913
Swain, E. G. (Edmund Gill)|1861
Swainson, William|1789
Swan Sonnenschein & Co.|NULL
Swan, Annie S.|1859
Swan, Moses|1812
Sweeney, Alexander|NULL
Swett, Samuel|1782
Sylva, Carmen|1843
Symonds, John Addington|1840
Synge, J. M. (John Millington)|1871
Taggart, Marion Ames|1866
Tagore, Rabindranath|1861
Taine, Hippolyte|1828
Talbot, Frederick Arthur Ambrose|1880
Tall, Stephen|1908
Talmage, James E. (James Edward)|1862
Talman, Charles Fitzhugh|1874
Tangye, Richard, Sir|1833
Tappan, Eva March|1854
Tappan, Lewis|1788
Tarbell, Ida M. (Ida Minerva)|1857
Tarkington, Booth|1869
Tawney, R. H. (Richard Henry)|1880
Tayler, James|NULL
Taylor, A. E. (Alfred Edward)|1869
Taylor, Archer|1890
Taylor, Benjamin F. (Benjamin Franklin)|1819
Taylor, Henry Osborn|1856
Taylor, Jane|1783
Taylor, John|1808
Taylor, Meadows|1808
Teakle, Thomas|NULL
Teasdale, Sara|1884
Teetgen, Alexander|NULL
Telford, Emma Paddock|1851
Temple, William|1881
Tennyson, Hallam Tennyson, Baron|1852
Terhune, Albert Payson|1872
Terry, Ellen|1848
Terry, Milton Spenser|1840
Thackeray, William Makepeace|1811
Thatcher, Oliver J. (Oliver Joseph)|1857
Thayer, Alexander Wheelock|1817
Thayer, Thomas P.|1907
Theiss, Lewis E. (Lewis Edwin)|1878
Thoma, Ludwig|1867
Thomas, Abel C. (Abel Charles)|1807
Thomas, Cyrus|1825
Thomas, Edith Matilda|1854
Thomas, Edward|1878
Thomas, J. J. (John Jacob)|1840
Thomas, William S.|1858
Thompson, Arthur R. (Arthur Ripley)|1872
Thompson, C. J. S. (Charles John Samuel)|1862
Thompson, Francis|1859
Thompson, Maurice|1844
Thompson, Seymour D. (Seymour Dwight)|1842
Thompson, Silvanus P. (Silvanus Phillips)|1851
Thomson, Basil|1861
Thomson, John, hatter|NULL
Thomson, Thomas|1817
Thoreau, Henry David|1817
Thornbury, Walter|1828
Thorne, Guy|1875
Thorpe, William Henry|NULL
Thurston, E. Temple (Ernest Temple)|1879
Thurston, Edgar|1855
Thwaites, Reuben Gold|1853
Tilden, J. H. (John Henry)|1851
Tilden, Samuel J. (Samuel Jones)|1814
Tilling, Robert I.|1935
Timbs, John|1801
Timmins, H. Thornhill (Henry Thornhill)|1856
Tiplady, Thomas|1882
Todd, James Campbell|1874
Tolkien, J. R. R. (John Ronald Reuel)|1892
Tolstoy, Leo, graf|1828
Tombo, Rudolf|1875
Tomlinson, Everett T. (Everett Titsworth)|1859
Torpey, Dorothy Margaret|1919
Torrey, Bradford|1843
Torrey, William|1814
Tousley, Victor H. (Victor Hugo)|1875
Tower, Anna E.|NULL
Townshend, R. B. (Richard Baxter)|1846
Tracy, Louis|1863
Tree, Iris|1897
Tregarthen, Enys|1851
Tregellas, Walter H. (Walter Hawken)|1831
Treves, Frederick|1853
Trevithick, Francis|1812
Tridon, André|1877
Trollope, Anthony|1815
Trotsky, Leon|1879
Trounce, H. D. (Harry Davis)|1885
Trowbridge, W. R. H. (William Rutherford Hayes)|1866
True, Frederick W. (Frederick William)|1858
Trueba, Antonio de|1819
Trumbull, H. Clay (Henry Clay)|1830
Tucker, George Fox|1852
Tuckerman, Henry T. (Henry Theodore)|1813
Tuker, M. A. R. (Mildred Anna Rosalie)|NULL
Turberville, Arthur Stanley|1888
Turgenev, Ivan Sergeevich|1818
Turner, Edward Raymond|1881
Turner, Ethel Sybil|1870
Turner, Mrs. (Elizabeth)|NULL
Turner, Percy Moore|1877
Turpin, F. H. (François Henri)|1709
Turton, W. H. (William Harry)|1856
Tyas, Robert|1811
Tyerman, L. (Luke)|1819
Tyler, John M. (John Mason)|1851
Tyler, William N. (William Nelson)|1838
Tylor, Alfred|1824
Tynan, Katharine|1861
Tyndall, John|1820
Underhill, A. Leah (Ann Leah)|1814
Union Pacific Railroad Company|NULL
United States Rubber Company|NULL
United States. Army. Signal Corps|NULL
United States. Bureau of Naval Personnel|NULL
United States. Central Intelligence Agency|NULL
United States. Congress. Senate. Committee on Patents|NULL
United States. Congress|NULL
United States. Constitutional Convention (1787)|1751
United States. National Aeronautics and Space Administration|NULL
United States. Presidents|NULL
United States. Warren Commission|NULL
United States|NULL
unknown|NULL
Upham, Samuel C. (Samuel Curtis)|1819
Upton, George P. (George Putnam)|1834
Urabi, Ahmad|1840
Ure, Andrew|1778
Vachell, Horace Annesley|1861
Vaile, Charlotte M. (Charlotte Marion)|1852
Vaile, P. A. (Percy Adolphus)|1866
Vaknin, Samuel|1961
Valentine, M. (Milton)|1825
Valmiki|NULL
Van Alstyne, Lawrence|1839
Van Dyke, Henry|1852
Van Epps, Margaret T.|NULL
Van Loon, Hendrik Willem|1882
Van Rensselaer, John King, Mrs.|1848
Van Slyke, D. O. (David Oyer)|1818
Vandercook, Margaret|1876
Vansittart, Robert Gilbert Vansittart, Baron|1881
Various|NULL
Varnum, William H. (William Harrison)|1878
Vaughan, Alfred J.|1830
Verhaeren, Emile|1855
Verlaine, Paul|1844
Verne, Jules|1828
Vernon, Robert O. (Robert Orion)|1912
Verrill, A. Hyatt (Alpheus Hyatt)|1871
Vertot, abbé de|1655
Vickers, Kenneth Hotham|1881
Vickers, Leslie|NULL
Victor, Metta Victoria Fuller|1831
Victor, Ralph|NULL
Vielé, Herman Knickerbocker|1856
Villari, Pasquale|1827
Vimar, A. (Auguste)|1851
Vineyard, Thomas Elbert|NULL
Vinycomb, John|NULL
Viollet-le-Duc, Eugène-Emmanuel|1814
Vivanti, Annie|1866
Vizetelly, Henry|1820
Vogt, Harry V.|NULL
Voleur|NULL
Voltaire|1694
Vose, Edward Neville|NULL
Vámbéry, Ármin|1832
Wace|NULL
Wade, B. F. (Benjamin Franklin)|1800
Wade, Mary Hazelton Blanchard|1860
Wagner, Richard|1813
Wait, Frona Eunice|1859
Waite, C. V. (Catherine Van Valkenburg)|1829
Waite, Fred|1885
Waley, Arthur|1889
Walker, A. S. (Alta Sharon)|1942
Walker, Abbie Phillips|1867
Walker, James B. (James Barr)|1805
Walker, James|1794
Walker, John Bernard|1858
Walker, Rowland|NULL
Wall, William E. (William Edmund)|1858
Wallace, Dillon|1863
Wallace, Edgar|1875
Wallace, Ellen|NULL
Wallace, Frederick William|1886
Wallace, Lew|1827
Wallace, Robert|1831
Wallace, William Ross|1819
Waller, John Augustine|NULL
Waller, Mary E. (Mary Ella)|1855
Walpole, Horace|1717
Walser, Robert|1878
Walsh, George Ethelbert|1865
Walsh, James J. (James Joseph)|1865
Walters, H. B. (Henry Beauchamp)|1867
Walton, Bryce|1918
Warburton, Cecil|1854
Ward, J. H. (Joseph Harvey)|NULL
Ward, Robert DeCourcy|1867
Ward, Thomas A. M.|NULL
Ward, Walter W.|NULL
Warford, Aaron A.|NULL
Waring, George E. (George Edwin)|1833
Warner, Charles Franklin|1857
Warner, Frank A.|NULL
Warner, Gertrude Chandler|1890
Warner, Henry Edward|1876
Warren, George Henry|NULL
Warren, Samuel|1807
Washington, Booker T.|1856
Wasielewski, Wilhelm Joseph von|1822
Wason, Robert Alexander|1874
Waterbury, Mary F.|NULL
Waterman, Amy Harlow (Lane), Mrs.|1873
Waterman, Nixon|1859
Waters, Clara Erskine Clement|1834
Watkins, C. Malcolm|NULL
Watkins, Lucian Bottow|1878
Watrous, Edwin Alfred|NULL
Watson, John R. (John Reay)|1872
Watson, John, F.L.S.|NULL
Watson, Robert A. (Robert Alexander)|1845
Watson, William Henry Lowe|1891
Watson, William, Sir|1715
Waugh, Alec|1898
Waugh, Edwin|1817
Waugh, W. F. (William Francis)|1849
Wayne, Dorothy|1884
Weale, J. Cyril M. (James Cyril M.)|1832
Webb, Marion St. John|NULL
Webb, Robert G.|NULL
Webb, Sidney|1859
Webb, Wilfred Mark|1868
Webster, Daniel|1782
Webster, Jean|1876
Webster, Noah|1758
Wedekind, Frank|1864
Weeks, Lyman Horace|NULL
Welch, Charles|1848
Wellcome, M. D., Mrs.|NULL
Wellhausen, Julius|1844
Wellman, Francis L. (Francis Lewis)|1854
Wells, Carolyn|1862
Wells, David Ames|1828
Wells, H. G. (Herbert George)|1866
Wells, Samuel R. (Samuel Roberts)|1820
Wentworth, Patricia|1878
Wentworth, Tappan|1802
Westerman, Percy F. (Percy Francis)|1876
Weston, Jessie L. (Jessie Laidlay)|1850
Westrup, Margaret|NULL
Wette, Adelheid|1858
Wharton, Anne Hollingsworth|1845
Wharton, Edith|1862
Wharton, Marian|NULL
Wharton, W. J. L. (William James Lloyd)|1843
Wheatley, Henry B. (Henry Benjamin)|1838
Wheatley, Phillis|1753
Wheaton, Elizabeth Ryder|1844
Wheeler, Charles G. (Charles Gardner)|1855
Wheeler, Edward L. (Edward Lytton)|1854
Wheeler, J. M. (Joseph Mazzini)|1850
Wheeler, James Talboys|1824
Wheeler, Janet D.|NULL
Wheeler, Ruthe S.|NULL
Wheelock, Eleazar|1711
Whishaw, Frederick|1854
Whitaker, Herman|1867
White, Alma|1862
White, Andrew Dickson|1832
White, Annie Randall|NULL
White, Fred M. (Fred Merrick)|1859
White, Gleeson|1851
White, Herbert Thirkell, Sir|1855
White, James Edson|1849
White, James|1803
White, Mary|1869
White, Matthew|1857
White, Michael|NULL
White, Samuel Alexander|1885
White, Stewart Edward|1873
White, Trumbull|1868
White, Walter|1811
Whitehead, L. (Lewis)|NULL
Whiteley, Opal Stanley|NULL
Whiting, Lilian|1847
Whitlock, Brand|1869
Whitney, A. D. T. (Adeline Dutton Train)|1824
Whitney, Helen Hay|1875
Whitney, Orson F. (Orson Ferguson)|1855
Whitson, John Harvey|1854
Whittaker & Co.|NULL
Whittles, Thomas D. (Thomas Davis)|1873
Whitwell, Edward Robson, Mrs.|NULL
Whymper, Charles|1853
Whymper, Edward|1840
Whymper, Frederick|NULL
Whyte, Christina Gowans|1869
Whyte-Melville, G. J. (George John)|1821
Widtsoe, John Andreas|1872
Wiggin, Kate Douglas Smith|1856
Wiggins, Frank|NULL
Wight, Emma Howard|NULL
Wigram, Edgar Thomas Ainger|1864
Wilberforce, William|1759
Wilcox, Ella Wheeler|1850
Wilde, Oscar|1854
Wilder, Gerrit Parmile|1863
Wile, Frederic William|1873
Wilkins, W. A.|NULL
Wilkins, W. H. (William Henry)|1860
Wilkinson, William Cleaver|1833
Willard, Kate Livingston|NULL
William Blackwood and Sons|NULL
William II, German Emperor|1859
Williams, Adene|NULL
Williams, Alfred M. (Alfred Mason)|1840
Williams, Alfred|1877
Williams, Archibald|1871
Williams, C. F. Abdy (Charles Francis Abdy)|1855
Williams, Edward Huntington|1868
Williams, Frances Fenwick|1878
Williams, Henry Smith|1863
Williams, J. (John)|1817
Williams, Jesse Lynch|1871
Williams, John H. (John Harvey)|1864
Williams, Leonard|1871
Williams, Robert Folkestone|1804
Williams, Robert Moore|1907
Williamson, A. M. (Alice Muriel)|1869
Williamson, C. N. (Charles Norris)|1859
Williamson, George Charles|1858
Wills, C. J. (Charles James)|1842
Willson, Beckles|1869
Wilmot, Alexander|1836
Wilson, Harriette|1786
Wilson, Hill Peebles|1840
Wilson, Joseph Robert|1886
Wilson, Lycurgus A. (Lycurgus Arnold)|1856
Wilson, Richard|1920
Wilson, Rufus Rockwell|1865
Wilson, Thomas|1832
Wiltshire, Thomas|NULL
Wimberly, C. F. (Charles Franklin)|1866
Winans, Walter|1852
Winks, W. E. (William Edward)|1842
Winlow, Clara Vostrovsky|1876
Winnington Ingram, Arthur F. (Arthur Foley)|1858
Winslow, Carroll Dana|1889
Winsor, Justin|1831
Winter, John Strange|1856
Wirt, Mildred A. (Mildred Augustine)|1905
Wise, Daniel|1813
Wit, Augusta de|1864
Wodehouse, P. G. (Pelham Grenville)|1881
Wolf, Simon|1836
Wood, Frances Ann|1840
Wood, George L.|1837
Wood, Henry, Mrs.|1814
Wood, J. G. (John George)|1827
Wood, J. Maxwell (John Maxwell)|NULL
Wood, James H. (James Harvey)|NULL
Wood, Robert Williams|1868
Wood, T. Martin|1875
Wood, Theodore|1862
Wood, Thomas|NULL
Woodhull, John F. (John Francis)|1857
Woodruff, Wilford|1807
Woods, Caroline H.|NULL
Woods, Kate Tannatt|1838
Woodward, R. Pitcher (Robert Pitcher)|NULL
Woolley, L. H. (Lell Hawley)|1825
Woolston, Thomas|1670
Wordsworth, Dorothy|1771
Wordsworth, William|1770
Wormser, G. Ranger (Gwendolyn Ranger)|1893
Worthington, D.|NULL
Wray, J. Jackson (James Jackson)|1832
Wren, Percival Christopher|1885
Wrenn, Tony P.|NULL
Wright, Ernest Vincent|1872
Wright, F. B. (Frederic B.)|1867
Wright, Harold Bell|1872
Wright, Henrietta Christian|NULL
Wright, J. W. (Jacob William)|1871
Wright, Mabel Osgood|1859
Wright, Mary M.‏ (Mary Mason)|1870
Wright, Thomas|1810
Wu, Qi|-440
Wundt, Wilhelm Max|1832
Wyatt, M. Digby (Matthew Digby), Sir|1820
Wyckoff, Capwell|1903
Wyeth, John B. (John Bound)|1815
Wylie, I. A. R. (Ida Alexa Ross)|1885
Wylie, Philip|1902
Wyman, L. P. (Levi Parker)|1873
Wynter, Andrew|1819
Wyoming Valley Woman's Club (Wilkes-Barre, Pennsylvania)|NULL
Wyss, Johann David|1743
Wägner, Wilhelm|1800
Xavier, M.|1798
Yamanaka & Company|NULL
Yeats, Jack Butler|1871
Yeats, W. B. (William Butler)|1865
Yezierska, Anzia|NULL
Yonge, Charlotte M. (Charlotte Mary)|1823
Young, Clarence|NULL
Young, E. H. (Emily Hilda)|1880
Young, Filson|1876
Young, Francis Brett|1884
Young, Jennie J.|NULL
Young, John R.|1837
Young, Samuel Hall|1847
Young, Stanley Paul|1889
Yule, Adam|NULL
Yüan, Yung-lun|NULL
Zahm, Albert Francis|1862
Zangwill, Israel|1864
Zerbe, James Slough|1850
Zerffi, G. G. (Gustavus George)|1820
Zimm, Louise Hasbrouck|1883
Zwaardecroon, Hendrick|1667
Zweig, Stefan|1881
À Beckett, Gilbert Abbott|1811